SceneURL,Pornstars,Title,ThumbURL,"Duration (sec)",iFrame,Tags
https://www.realjamvr.com/virtualreality/scene/id/2-wet_vanessa?a=5bc62289ccff3e6ec01c0b11,"Eveline Dellai","Wet Vanessa",https://rest.s3for.me/s3.realjamvr.com/images/2/6_cover.jpg,746,"<iframe src=""https://www.realjamvr.com/embed/video/id/2?a=5bc62289ccff3e6ec01c0b11"" width=""320"" height=""240""></iframe>","Brunette, Italian, No male, Pierced navel, Pool, Shaved pussy, Skinny, Small tits, Solo models, Teen / young, Toys / dildos"
https://www.realjamvr.com/virtualreality/scene/id/3-chocolate_candy?a=5bc62289ccff3e6ec01c0b11,"Luna Corazon","Chocolate Candy",https://rest.s3for.me/s3.realjamvr.com/images/3/15_cover.jpg,603,"<iframe src=""https://www.realjamvr.com/embed/video/id/3?a=5bc62289ccff3e6ec01c0b11"" width=""320"" height=""240""></iframe>","BLack / ebony, Brazilian, Glasses, Masturbation / fingering, No male, Shorts / skirts, Solo models, Trimmed pussy"
https://www.realjamvr.com/virtualreality/scene/id/4-sensual_sauna?a=5bc62289ccff3e6ec01c0b11,"Lady Dee, Violette Pure","Sensual Sauna",https://rest.s3for.me/s3.realjamvr.com/images/4/16_cover.jpg,666,"<iframe src=""https://www.realjamvr.com/embed/video/id/4?a=5bc62289ccff3e6ec01c0b11"" width=""320"" height=""240""></iframe>","Blonde, Brunette, Czech, Kissing, Lesbian, Masturbation / fingering, No male, Non POV, Pussy licking, Shaved pussy, Teen / young"
https://www.realjamvr.com/virtualreality/scene/id/5-sexy_lexi?a=5bc62289ccff3e6ec01c0b11,"Lexi Dona","Sexy Lexi",https://rest.s3for.me/s3.realjamvr.com/images/5/25_cover.jpg,835,"<iframe src=""https://www.realjamvr.com/embed/video/id/5?a=5bc62289ccff3e6ec01c0b11"" width=""320"" height=""240""></iframe>","Brunette, Czech, No male, Pierced navel, Solo models, Toys / dildos, Trimmed pussy"
https://www.realjamvr.com/virtualreality/scene/id/6-relax_with_kristy?a=5bc62289ccff3e6ec01c0b11,"Kristy Black","Relax with Kristy",https://rest.s3for.me/s3.realjamvr.com/images/6/26_cover.jpg,872,"<iframe src=""https://www.realjamvr.com/embed/video/id/6?a=5bc62289ccff3e6ec01c0b11"" width=""320"" height=""240""></iframe>","Brunette, Czech, Masturbation / fingering, No male, Pierced navel, Shaved pussy, Solo models, Tattoo, Teen / young"
https://www.realjamvr.com/virtualreality/scene/id/7-shower_girls?a=5bc62289ccff3e6ec01c0b11,"Kristy Black, Paula Shy, Violette Pure","Shower Girls",https://rest.s3for.me/s3.realjamvr.com/images/7/31_cover.jpg,1412,"<iframe src=""https://www.realjamvr.com/embed/video/id/7?a=5bc62289ccff3e6ec01c0b11"" width=""320"" height=""240""></iframe>","3some, Bath / shower, Czech, Girlfriends, Kissing, Lesbian, Masturbation / fingering, No male, Non POV, Shaved pussy"
https://www.realjamvr.com/virtualreality/scene/id/8-swat_girl?a=5bc62289ccff3e6ec01c0b11,"Nikki Stills","SWAT Girl",https://rest.s3for.me/s3.realjamvr.com/images/8/36_cover.jpg,1189,"<iframe src=""https://www.realjamvr.com/embed/video/id/8?a=5bc62289ccff3e6ec01c0b11"" width=""320"" height=""240""></iframe>","Anal, Blow job, Bondage, Brunette, Cowgirl, Cumshots, Doggy style, Hardcore, High heels, POV, Reverse cowgirl, Russian, Shaved pussy, Small tits"
https://www.realjamvr.com/virtualreality/scene/id/9-two_girls_and_a_guy_pool_party?a=5bc62289ccff3e6ec01c0b11,"Angel Piaff, Eveline Dellai","Two Girls and a Guy Pool Party",https://rest.s3for.me/s3.realjamvr.com/images/9/41_cover.jpg,2350,"<iframe src=""https://www.realjamvr.com/embed/video/id/9?a=5bc62289ccff3e6ec01c0b11"" width=""320"" height=""240""></iframe>","Anal, Blonde, Blow job, Brunette, Cowgirl, Czech, F/F/M, Facials, Hardcore, Italian, POV, Pierced navel, Pool, Reverse cowgirl, Small tits, Threesome"
https://www.realjamvr.com/virtualreality/scene/id/10-sexy_game_time?a=5bc62289ccff3e6ec01c0b11,"Alexis Crystal, Lexi Dona","Sexy Game Time",https://rest.s3for.me/s3.realjamvr.com/images/10/46_cover.jpg,1833,"<iframe src=""https://www.realjamvr.com/embed/video/id/10?a=5bc62289ccff3e6ec01c0b11"" width=""320"" height=""240""></iframe>","Anal, Blow job, Cowgirl, Czech, F/F/M, Facials, Hardcore, POV, Pussy licking, Reverse cowgirl, Shaved pussy, Threesome"
https://www.realjamvr.com/virtualreality/scene/id/11-natural_beauty?a=5bc62289ccff3e6ec01c0b11,"Alexis Crystal","Natural Beauty",https://rest.s3for.me/s3.realjamvr.com/images/11/51_cover.jpg,695,"<iframe src=""https://www.realjamvr.com/embed/video/id/11?a=5bc62289ccff3e6ec01c0b11"" width=""320"" height=""240""></iframe>","Blonde, Czech, No male, Shaved pussy, Solo models, Toys / dildos"
https://www.realjamvr.com/virtualreality/scene/id/12-hot_jacuzzi_foursome?a=5bc62289ccff3e6ec01c0b11,"Lady Dee, Luna Corazon, Violette Pure","Hot Jacuzzi Foursome",https://rest.s3for.me/s3.realjamvr.com/images/12/56_cover.jpg,2821,"<iframe src=""https://www.realjamvr.com/embed/video/id/12?a=5bc62289ccff3e6ec01c0b11"" width=""320"" height=""240""></iframe>","Anal, Black / ebony, Blow job, Brazilian, Cowgirl, Czech, Facials, Foursome, Hardcore, Interracial, POV, Pussy licking, Reverse cowgirl, Shaved pussy, White male black female"
https://www.realjamvr.com/virtualreality/scene/id/13-hot_cosplay_angel?a=5bc62289ccff3e6ec01c0b11,"Angel Piaff","Hot Cosplay Angel",https://rest.s3for.me/s3.realjamvr.com/images/13/61_cover.jpg,751,"<iframe src=""https://www.realjamvr.com/embed/video/id/13?a=5bc62289ccff3e6ec01c0b11"" width=""320"" height=""240""></iframe>","Blonde, Costumes, Czech, No male, Shaved pussy, Small tits, Solo models, Toys / dildos"
https://www.realjamvr.com/virtualreality/scene/id/14-sex_fitball_workout?a=5bc62289ccff3e6ec01c0b11,"Violette Pure","Sex Fitball Workout",https://rest.s3for.me/s3.realjamvr.com/images/14/66_cover.jpg,607,"<iframe src=""https://www.realjamvr.com/embed/video/id/14?a=5bc62289ccff3e6ec01c0b11"" width=""320"" height=""240""></iframe>","Blonde, Czech, Masturbation / fingering, No male, Shaved pussy, Small tits, Solo models"
https://www.realjamvr.com/virtualreality/scene/id/15-big_tits?a=5bc62289ccff3e6ec01c0b11,"Natalie Cherie","Big Tits",https://rest.s3for.me/s3.realjamvr.com/images/15/71_cover.jpg,1815,"<iframe src=""https://www.realjamvr.com/embed/video/id/15?a=5bc62289ccff3e6ec01c0b11"" width=""320"" height=""240""></iframe>","Babe, Big tits, Blonde, Blow job, Close ups, Cowgirl, Cumshots, Czech, Hardcore, POV, Pierced navel, Reverse cowgirl, Tattoo, Trimmed pussy"
https://www.realjamvr.com/virtualreality/scene/id/16-interesting_book?a=5bc62289ccff3e6ec01c0b11,"Luna Corazon","Interesting Book",https://rest.s3for.me/s3.realjamvr.com/images/16/80_cover.jpg,619,"<iframe src=""https://www.realjamvr.com/embed/video/id/16?a=5bc62289ccff3e6ec01c0b11"" width=""320"" height=""240""></iframe>","Black / ebony, Brazilian, Masturbation / fingering, No male, Small tits, Solo models, Trimmed pussy"
https://www.realjamvr.com/virtualreality/scene/id/17-naughty_student?a=5bc62289ccff3e6ec01c0b11,"Vinna Reed","Naughty Student",https://rest.s3for.me/s3.realjamvr.com/images/17/85_cover.jpg,747,"<iframe src=""https://www.realjamvr.com/embed/video/id/17?a=5bc62289ccff3e6ec01c0b11"" width=""320"" height=""240""></iframe>","Blonde, Cheerleader / college / school, Czech, No male, Pierced navel, Shaved pussy, Shorts / skirts, Small tits, Solo models, Toys / dildos"
https://www.realjamvr.com/virtualreality/scene/id/18-hot_chocolate?a=5bc62289ccff3e6ec01c0b11,"Luna Corazon","Hot Chocolate",https://rest.s3for.me/s3.realjamvr.com/images/18/90_cover.jpg,1403,"<iframe src=""https://www.realjamvr.com/embed/video/id/18?a=5bc62289ccff3e6ec01c0b11"" width=""320"" height=""240""></iframe>","Black / ebony, Blow job, Brazilian, Cowgirl, Cumshots, Hardcore, Interracial, POV, Reverse cowgirl, Small tits, Trimmed pussy, White male black female"
https://www.realjamvr.com/virtualreality/scene/id/19-housemaid?a=5bc62289ccff3e6ec01c0b11,"Nancy A",Housemaid,https://rest.s3for.me/s3.realjamvr.com/images/19/95_cover.jpg,587,"<iframe src=""https://www.realjamvr.com/embed/video/id/19?a=5bc62289ccff3e6ec01c0b11"" width=""320"" height=""240""></iframe>","Blonde, High heels, Maids, Masturbation / fingering, No male, Solo models, Ukrainian"
https://www.realjamvr.com/virtualreality/scene/id/20-big_baton?a=5bc62289ccff3e6ec01c0b11,"Nikki Stills","Big Baton",https://rest.s3for.me/s3.realjamvr.com/images/20/100_cover.jpg,937,"<iframe src=""https://www.realjamvr.com/embed/video/id/20?a=5bc62289ccff3e6ec01c0b11"" width=""320"" height=""240""></iframe>","Brunette, High heels, No male, Russian, Shaved pussy, Skinny, Small tits, Solo models, Toys (big)"
https://www.realjamvr.com/virtualreality/scene/id/21-hot_massage?a=5bc62289ccff3e6ec01c0b11,"Vinna Reed","Hot Massage",https://rest.s3for.me/s3.realjamvr.com/images/21/101_cover.jpg,1402,"<iframe src=""https://www.realjamvr.com/embed/video/id/21?a=5bc62289ccff3e6ec01c0b11"" width=""320"" height=""240""></iframe>","Anal, Blonde, Cowgirl, Cumshots, Czech, Footjob, Hardcore, Massage, POV, Reverse cowgirl, Shaved pussy"
https://www.realjamvr.com/virtualreality/scene/id/22-amazing_paula?a=5bc62289ccff3e6ec01c0b11,"Paula Shy","Amazing Paula",https://rest.s3for.me/s3.realjamvr.com/images/22/106_cover.jpg,605,"<iframe src=""https://www.realjamvr.com/embed/video/id/22?a=5bc62289ccff3e6ec01c0b11"" width=""320"" height=""240""></iframe>","Bath / shower, Brunette, Czech, Masturbation / fingering, No male, Solo models, Trimmed pussy"
https://www.realjamvr.com/virtualreality/scene/id/23-pink_bows?a=5bc62289ccff3e6ec01c0b11,"Nancy A","Pink Bows",https://rest.s3for.me/s3.realjamvr.com/images/23/111_cover.jpg,589,"<iframe src=""https://www.realjamvr.com/embed/video/id/23?a=5bc62289ccff3e6ec01c0b11"" width=""320"" height=""240""></iframe>","Blonde, No male, Solo models, Stockings, Trimmed pussy, Ukrainian"
https://www.realjamvr.com/virtualreality/scene/id/24-luna_on_the_bed?a=5bc62289ccff3e6ec01c0b11,-,"Luna on the Bed",https://rest.s3for.me/s3.realjamvr.com/images/24/116_cover.jpg,589,"<iframe src=""https://www.realjamvr.com/embed/video/id/24?a=5bc62289ccff3e6ec01c0b11"" width=""320"" height=""240""></iframe>","Black / ebony, Brazilian, Masturbation / fingering, No male, Small tits, Solo models, Trimmed pussy"
https://www.realjamvr.com/virtualreality/scene/id/25-merry_naughty_christmas?a=5bc62289ccff3e6ec01c0b11,"Paula Shy","Merry Naughty Christmas",https://rest.s3for.me/s3.realjamvr.com/images/25/125_cover.jpg,1436,"<iframe src=""https://www.realjamvr.com/embed/video/id/25?a=5bc62289ccff3e6ec01c0b11"" width=""320"" height=""240""></iframe>","Blow job, Christmas/New Year, Costumes, Cowgirl, Cumshots, Czech, Hardcore, High socks, POV, Reverse cowgirl, Trimmed pussy"
https://www.realjamvr.com/virtualreality/scene/id/26-christmas_gift?a=5bc62289ccff3e6ec01c0b11,"Cherry Kiss","Christmas Gift",https://rest.s3for.me/s3.realjamvr.com/images/26/126_cover.jpg,908,"<iframe src=""https://www.realjamvr.com/embed/video/id/26?a=5bc62289ccff3e6ec01c0b11"" width=""320"" height=""240""></iframe>","Blonde, Christmas/New Year, Costumes, High heels, No male, Pierced navel, Shaved pussy, Solo models, Toys / dildos"
https://www.realjamvr.com/virtualreality/scene/id/27-santas_horny_helper?a=5bc62289ccff3e6ec01c0b11,"Paula Shy","Santa's Horny Helper",https://rest.s3for.me/s3.realjamvr.com/images/27/135_cover.jpg,620,"<iframe src=""https://www.realjamvr.com/embed/video/id/27?a=5bc62289ccff3e6ec01c0b11"" width=""320"" height=""240""></iframe>","Brunette, Christmas/New Year, Costumes, Czech, High socks, Masturbation / fingering, No male, Shorts / skirts, Solo models"
https://www.realjamvr.com/virtualreality/scene/id/28-santa_knows_what_you_need?a=5bc62289ccff3e6ec01c0b11,"Cherry Kiss","Santa Knows What You Need",https://rest.s3for.me/s3.realjamvr.com/images/28/140_cover.jpg,1434,"<iframe src=""https://www.realjamvr.com/embed/video/id/28?a=5bc62289ccff3e6ec01c0b11"" width=""320"" height=""240""></iframe>","Anal, Blonde, Blow job, Christmas/New Year, Costumes, Cowgirl, Facials, Hardcore, POV, Pierced navel, Reverse cowgirl, Shaved pussy, Small tits"
https://www.realjamvr.com/virtualreality/scene/id/29-nathaly_just_for_you?a=5bc62289ccff3e6ec01c0b11,"Natalie Cherie","Nathaly Just for You",https://rest.s3for.me/s3.realjamvr.com/images/29/141_cover.jpg,565,"<iframe src=""https://www.realjamvr.com/embed/video/id/29?a=5bc62289ccff3e6ec01c0b11"" width=""320"" height=""240""></iframe>","Big tits, Blonde, Butts, Czech, Masturbation / fingering, Nipples, No male, Pierced navel, Solo models, Tattoo, Trimmed pussy"
https://www.realjamvr.com/virtualreality/scene/id/30-coffe_break?a=5bc62289ccff3e6ec01c0b11,"Sally Palmer","Coffe Break",https://rest.s3for.me/s3.realjamvr.com/images/30/146_cover.jpg,720,"<iframe src=""https://www.realjamvr.com/embed/video/id/30?a=5bc62289ccff3e6ec01c0b11"" width=""320"" height=""240""></iframe>","Brunette, High socks, Masturbation / fingering, No male, Russian, Shaved pussy, Solo models, Teen / young"
https://www.realjamvr.com/virtualreality/scene/id/31-lace_panties?a=5bc62289ccff3e6ec01c0b11,"Lisa Davis","Lace Panties",https://rest.s3for.me/s3.realjamvr.com/images/31/155_cover.jpg,1789,"<iframe src=""https://www.realjamvr.com/embed/video/id/31?a=5bc62289ccff3e6ec01c0b11"" width=""320"" height=""240""></iframe>","Anal, Blow job, Brunette, Cowgirl, Doggy style, Hardcore, High socks, POV, Petite / slim, Reverse cowgirl, Russian, Shaved pussy"
https://www.realjamvr.com/virtualreality/scene/id/32-naughty_boobs?a=5bc62289ccff3e6ec01c0b11,"Isabella Lui","Naughty Boobs",https://rest.s3for.me/s3.realjamvr.com/images/32/160_cover.jpg,1568,"<iframe src=""https://www.realjamvr.com/embed/video/id/32?a=5bc62289ccff3e6ec01c0b11"" width=""320"" height=""240""></iframe>","Anal, Big tits, Blow job, Czech, Hardcore, High socks, POV, Redheads, Reverse cowgirl, Shaved pussy"
https://www.realjamvr.com/virtualreality/scene/id/33-just_for_relaxing?a=5bc62289ccff3e6ec01c0b11,"Angelika Grays","Just For Relaxing",https://rest.s3for.me/s3.realjamvr.com/images/33/165_cover.jpg,762,"<iframe src=""https://www.realjamvr.com/embed/video/id/33?a=5bc62289ccff3e6ec01c0b11"" width=""320"" height=""240""></iframe>","Blonde, High socks, Masturbation / fingering, No male, Russian, Shaved pussy, Solo models"
https://www.realjamvr.com/virtualreality/scene/id/34-sabrinas_anal?a=5bc62289ccff3e6ec01c0b11,"Angelika Grays","Sabrina's Anal",https://rest.s3for.me/s3.realjamvr.com/images/34/170_cover.jpg,1742,"<iframe src=""https://www.realjamvr.com/embed/video/id/34?a=5bc62289ccff3e6ec01c0b11"" width=""320"" height=""240""></iframe>","Anal, Blonde, Blow job, Cowgirl, Facials, Hardcore, POV, Reverse cowgirl, Russian, Shaved pussy"
https://www.realjamvr.com/virtualreality/scene/id/35-sweet_skinny_rider?a=5bc62289ccff3e6ec01c0b11,"Jasmine White","Sweet Skinny Rider",https://rest.s3for.me/s3.realjamvr.com/images/35/171_cover.jpg,1780,"<iframe src=""https://www.realjamvr.com/embed/video/id/35?a=5bc62289ccff3e6ec01c0b11"" width=""320"" height=""240""></iframe>","Blonde, Blow job, Cowgirl, Hardcore, POV, Petite / slim, Russian, Shaved pussy, Tattoo"
https://www.realjamvr.com/virtualreality/scene/id/36-lovely_nancy?a=5bc62289ccff3e6ec01c0b11,"Nancy A","Lovely Nancy",https://rest.s3for.me/s3.realjamvr.com/images/36/180_cover.jpg,530,"<iframe src=""https://www.realjamvr.com/embed/video/id/36?a=5bc62289ccff3e6ec01c0b11"" width=""320"" height=""240""></iframe>","Blonde, Masturbation / fingering, No male, Shorts / skirts, Solo models, Teen / young, Trimmed pussy, Ukrainian"
https://www.realjamvr.com/virtualreality/scene/id/37-lets_fuck_the_pink_bow?a=5bc62289ccff3e6ec01c0b11,"Nancy A","Lets Fuck the Pink Bow",https://rest.s3for.me/s3.realjamvr.com/images/37/185_cover.jpg,1469,"<iframe src=""https://www.realjamvr.com/embed/video/id/37?a=5bc62289ccff3e6ec01c0b11"" width=""320"" height=""240""></iframe>","Blonde, Blow job, Cowgirl, Facials, Hardcore, Nylons, POV, Reverse cowgirl, Stockings, Teen / young, Trimmed pussy, Ukrainian"
https://www.realjamvr.com/virtualreality/scene/id/38-adorable_gymnast_cums?a=5bc62289ccff3e6ec01c0b11,"Elina Mikki","Adorable Gymnast Cums",https://rest.s3for.me/s3.realjamvr.com/images/38/186_cover.jpg,1306,"<iframe src=""https://www.realjamvr.com/embed/video/id/38?a=5bc62289ccff3e6ec01c0b11"" width=""320"" height=""240""></iframe>","Brunette, Flexible, No male, Shaved pussy, Solo models, Teen / young, Toys / dildos, Ukrainian"
https://www.realjamvr.com/virtualreality/scene/id/39-big_boobs_like_anal?a=5bc62289ccff3e6ec01c0b11,"Cathy Heaven","Big Boobs Like Anal",https://rest.s3for.me/s3.realjamvr.com/images/39/191_cover.jpg,1668,"<iframe src=""https://www.realjamvr.com/embed/video/id/39?a=5bc62289ccff3e6ec01c0b11"" width=""320"" height=""240""></iframe>","Anal, Anal masturbation, Big tits, Blow job, Cowgirl, Deep throat / gagging, Hardcore, Hungarian, MILF, POV, Reverse cowgirl, Shaved pussy"
https://www.realjamvr.com/virtualreality/scene/id/40-anal_at_the_pool?a=5bc62289ccff3e6ec01c0b11,"Sara Kay","Anal At The Pool",https://rest.s3for.me/s3.realjamvr.com/images/40/200_cover.jpg,1393,"<iframe src=""https://www.realjamvr.com/embed/video/id/40?a=5bc62289ccff3e6ec01c0b11"" width=""320"" height=""240""></iframe>","Anal, Blonde, Blow job, Cowgirl, Czech, Facials, Hardcore, High socks, POV, Pool, Reverse cowgirl, Shaved pussy, Skinny, Small tits, Tattoo, Teen / young"
https://www.realjamvr.com/virtualreality/scene/id/41-luna_plays_at_spa?a=5bc62289ccff3e6ec01c0b11,"Luna Corazon","Luna Plays at Spa",https://rest.s3for.me/s3.realjamvr.com/images/41/201_cover.jpg,684,"<iframe src=""https://www.realjamvr.com/embed/video/id/41?a=5bc62289ccff3e6ec01c0b11"" width=""320"" height=""240""></iframe>","Black / ebony, Brazilian, Masturbation / fingering, No male, Pool, Shaved pussy, Solo models"
https://www.realjamvr.com/virtualreality/scene/id/42-dating_in_the_living_room?a=5bc62289ccff3e6ec01c0b11,"Luna Corazon","Dating In the Living Room",https://rest.s3for.me/s3.realjamvr.com/images/42/206_cover.jpg,1612,"<iframe src=""https://www.realjamvr.com/embed/video/id/42?a=5bc62289ccff3e6ec01c0b11"" width=""320"" height=""240""></iframe>","Black / ebony, Blow job, Cowgirl, Cumshots, Hardcore, Interracial, POV, Reverse cowgirl, Trimmed pussy, White male black female"
https://www.realjamvr.com/virtualreality/scene/id/43-two_chicks_one_lucky_dick?a=5bc62289ccff3e6ec01c0b11,"Sara Kay, Viktoria Daniels","Two Chicks One Lucky Dick",https://rest.s3for.me/s3.realjamvr.com/images/43/211_cover.jpg,1490,"<iframe src=""https://www.realjamvr.com/embed/video/id/43?a=5bc62289ccff3e6ec01c0b11"" width=""320"" height=""240""></iframe>","Anal, Blow job, Cowgirl, Czech, F/F/M, Facials, Hardcore, POV, Pierced navel, Reverse cowgirl, Tattoo, Threesome"
https://www.realjamvr.com/virtualreality/scene/id/44-threesome_fantasy?a=5bc62289ccff3e6ec01c0b11,"Angel Piaff, Victoria Puppy","Threesome Fantasy",https://rest.s3for.me/s3.realjamvr.com/images/44/220_cover.jpg,1733,"<iframe src=""https://www.realjamvr.com/embed/video/id/44?a=5bc62289ccff3e6ec01c0b11"" width=""320"" height=""240""></iframe>","Anal, Blow job, Cowgirl, Czech, F/F/M, Facials, Hardcore, POV, Pierced navel, Reverse cowgirl, Shaved pussy, Shorts / skirts, Tattoo, Threesome"
https://www.realjamvr.com/virtualreality/scene/id/45-sabrina_likes_to_be_on_top?a=5bc62289ccff3e6ec01c0b11,"Angelika Grays","Sabrina Likes to Be on Top",https://rest.s3for.me/s3.realjamvr.com/images/45/225_cover.jpg,1381,"<iframe src=""https://www.realjamvr.com/embed/video/id/45?a=5bc62289ccff3e6ec01c0b11"" width=""320"" height=""240""></iframe>","Blonde, Blow job, Cowgirl, Hardcore, POV, Reverse cowgirl, Russian, Shaved pussy"
https://www.realjamvr.com/virtualreality/scene/id/46-anal_satisfaction?a=5bc62289ccff3e6ec01c0b11,"Nicole Love","Anal Satisfaction",https://rest.s3for.me/s3.realjamvr.com/images/46/226_cover.jpg,1874,"<iframe src=""https://www.realjamvr.com/embed/video/id/46?a=5bc62289ccff3e6ec01c0b11"" width=""320"" height=""240""></iframe>","Anal, Blow job, Boobs, Brunette, Clit, pussy lips, Cowgirl, Czech, Hardcore, POV, Reverse cowgirl, Shaved pussy, Tattoo, Teen / young, Tits fucking"
https://www.realjamvr.com/virtualreality/scene/id/47-threesome_fun_2d?a=5bc62289ccff3e6ec01c0b11,"Angelika Grays, Lisa Davis","Threesome fun 2D",https://rest.s3for.me/s3.realjamvr.com/images/47/231_cover.jpg,2055,"<iframe src=""https://www.realjamvr.com/embed/video/id/47?a=5bc62289ccff3e6ec01c0b11"" width=""320"" height=""240""></iframe>","Blow job, Cowgirl, F/F/M, Facials, Hardcore, POV, Petite / slim, Reverse cowgirl, Russian, Shaved pussy, Threesome"
https://www.realjamvr.com/virtualreality/scene/id/48-sweet_cherry?a=5bc62289ccff3e6ec01c0b11,"Cherry Black","Sweet Cherry",https://rest.s3for.me/s3.realjamvr.com/images/48/240_cover.jpg,1062,"<iframe src=""https://www.realjamvr.com/embed/video/id/48?a=5bc62289ccff3e6ec01c0b11"" width=""320"" height=""240""></iframe>","Brunette, High socks, Masturbation / fingering, No male, Shaved pussy, Shorts / skirts, Solo models, Teen / young"
https://www.realjamvr.com/virtualreality/scene/id/49-hot_anal_on_the_couch?a=5bc62289ccff3e6ec01c0b11,"Angel Piaff","Hot Anal on the Couch",https://rest.s3for.me/s3.realjamvr.com/images/49/241_cover.jpg,1771,"<iframe src=""https://www.realjamvr.com/embed/video/id/49?a=5bc62289ccff3e6ec01c0b11"" width=""320"" height=""240""></iframe>","Anal, Blow job, Cowgirl, Czech, Facials, Hardcore, POV, Pierced navel, Reverse cowgirl, Socks, Tattoo"
https://www.realjamvr.com/virtualreality/scene/id/50-playful_angy?a=5bc62289ccff3e6ec01c0b11,Angy,"Playful Angy",https://rest.s3for.me/s3.realjamvr.com/images/50/246_cover.jpg,842,"<iframe src=""https://www.realjamvr.com/embed/video/id/50?a=5bc62289ccff3e6ec01c0b11"" width=""320"" height=""240""></iframe>","Brunette, No male, Shaved pussy, Solo models, Toys / dildos"
https://www.realjamvr.com/virtualreality/scene/id/51-hot_summer_day?a=5bc62289ccff3e6ec01c0b11,"Alexis Brill, Athina Love","Hot Summer Day",https://rest.s3for.me/s3.realjamvr.com/images/51/251_cover.jpg,2341,"<iframe src=""https://www.realjamvr.com/embed/video/id/51?a=5bc62289ccff3e6ec01c0b11"" width=""320"" height=""240""></iframe>","Anal, Blow job, F/F/M, Hardcore, Hungarian, Outdoor, POV, Pool, Shaved pussy, Threesome"
https://www.realjamvr.com/virtualreality/scene/id/52-sweet_trio?a=5bc62289ccff3e6ec01c0b11,"Angelika Grays, Elina Mikki, Lisa Davis","Sweet Trio",https://rest.s3for.me/s3.realjamvr.com/images/52/260_cover.jpg,2242,"<iframe src=""https://www.realjamvr.com/embed/video/id/52?a=5bc62289ccff3e6ec01c0b11"" width=""320"" height=""240""></iframe>","3some, Blonde, Brunette, Kissing, Lesbian, No male, Non POV, Pussy licking, Russian, Shaved pussy, Toys / dildos, Ukrainian"
https://www.realjamvr.com/virtualreality/scene/id/53-victoria_adores_anal?a=5bc62289ccff3e6ec01c0b11,"Viktoria Daniels","Victoria Adores Anal",https://rest.s3for.me/s3.realjamvr.com/images/53/265_cover.jpg,1849,"<iframe src=""https://www.realjamvr.com/embed/video/id/53?a=5bc62289ccff3e6ec01c0b11"" width=""320"" height=""240""></iframe>","Anal, Anal masturbation, Blonde, Blow job, Cowgirl, Czech, Hardcore, High socks, POV, Pierced navel, Reverse cowgirl, Tattoo, Trimmed pussy"
https://www.realjamvr.com/virtualreality/scene/id/54-pillow_fight_turns_to_group_sex?a=5bc62289ccff3e6ec01c0b11,"Alexis Crystal, Sara Kay"," Pillow Fight Turns To Group Sex",https://rest.s3for.me/s3.realjamvr.com/images/54/266_cover.jpg,1480,"<iframe src=""https://www.realjamvr.com/embed/video/id/54?a=5bc62289ccff3e6ec01c0b11"" width=""320"" height=""240""></iframe>","Anal, Blow job, Cowgirl, Czech, F/F/M, Hardcore, POV, Pierced navel, Shaved pussy, Skinny, Small tits, Tattoo, Threesome"
https://www.realjamvr.com/virtualreality/scene/id/55-cherry_black_and_angy?a=5bc62289ccff3e6ec01c0b11,"Angy, Cherry Black","Cherry Black and Angy",https://rest.s3for.me/s3.realjamvr.com/images/55/271_cover.jpg,1220,"<iframe src=""https://www.realjamvr.com/embed/video/id/55?a=5bc62289ccff3e6ec01c0b11"" width=""320"" height=""240""></iframe>","Brunette, Kissing, Lesbian, No male, Non POV, Petite / slim, Shaved pussy, Tattoo, Toys / dildos"
https://www.realjamvr.com/virtualreality/scene/id/56-anal_at_lunch?a=5bc62289ccff3e6ec01c0b11,"Angelika Grays","Anal At Lunch",https://rest.s3for.me/s3.realjamvr.com/images/56/280_cover.jpg,1757,"<iframe src=""https://www.realjamvr.com/embed/video/id/56?a=5bc62289ccff3e6ec01c0b11"" width=""320"" height=""240""></iframe>","Anal, Blonde, Blow job, Cowgirl, Facials, Hardcore, POV, Reverse cowgirl, Russian, Shaved pussy, Socks"
https://www.realjamvr.com/virtualreality/scene/id/57-lustful_hunter_returns?a=5bc62289ccff3e6ec01c0b11,"Lisa Davis","Lustful Hunter Returns",https://rest.s3for.me/s3.realjamvr.com/images/57/285_cover.jpg,1648,"<iframe src=""https://www.realjamvr.com/embed/video/id/57?a=5bc62289ccff3e6ec01c0b11"" width=""320"" height=""240""></iframe>","Anal, Blow job, Brunette, Cowgirl, Hardcore, POV, Reverse cowgirl, Russian, Shaved pussy, Shorts / skirts"
https://www.realjamvr.com/virtualreality/scene/id/58-lesbian_sex_party?a=5bc62289ccff3e6ec01c0b11,"Lavana Lou, Sophie Luuna, Violette Pure","Lesbian Sex Party",https://rest.s3for.me/s3.realjamvr.com/images/58/286_cover.jpg,667,"<iframe src=""https://www.realjamvr.com/embed/video/id/58?a=5bc62289ccff3e6ec01c0b11"" width=""320"" height=""240""></iframe>","3some, Blonde, Brunette, Czech, Lesbian, Masturbation / fingering, No male, Non POV, Petite / slim, Pussy licking, Redheads, Russian, Shaved pussy, Teen / young"
https://www.realjamvr.com/virtualreality/scene/id/59-hot_three-way_fun?a=5bc62289ccff3e6ec01c0b11,"Lavana Lou, Sophie Luuna, Violette Pure","Hot Three-Way Fun",https://rest.s3for.me/s3.realjamvr.com/images/59/291_cover.jpg,2888,"<iframe src=""https://www.realjamvr.com/embed/video/id/59?a=5bc62289ccff3e6ec01c0b11"" width=""320"" height=""240""></iframe>","Anal, Blonde, Blow job, Brunette, Cowgirl, Czech, Foursome, Hardcore, POV, Pierced navel, Redheads, Reverse cowgirl, Russian, Shaved pussy, Teen / young"
https://www.realjamvr.com/virtualreality/scene/id/60-kitchen_fun?a=5bc62289ccff3e6ec01c0b11,"Luna Corazon, Nancy A","Kitchen Fun",https://rest.s3for.me/s3.realjamvr.com/images/60/300_cover.jpg,1180,"<iframe src=""https://www.realjamvr.com/embed/video/id/60?a=5bc62289ccff3e6ec01c0b11"" width=""320"" height=""240""></iframe>","Black / ebony, Blonde, Brazilian, Brunette, Interracial, Kissing, Kitchen, Lesbian, Masturbation / fingering, No male, Non POV, Pussy licking, Trimmed pussy, Ukrainian"
https://www.realjamvr.com/virtualreality/scene/id/61-three_hotties_and_you?a=5bc62289ccff3e6ec01c0b11,"Barbara Bieber, Blanche Bradburry, Lisa Davis","Three Hotties And You",https://rest.s3for.me/s3.realjamvr.com/images/61/301_cover.jpg,2558,"<iframe src=""https://www.realjamvr.com/embed/video/id/61?a=5bc62289ccff3e6ec01c0b11"" width=""320"" height=""240""></iframe>","Anal, Big tits, Blow job, Brunette, Cowgirl, Czech, Foursome, Hardcore, POV, Reverse cowgirl, Russian, Socks, Tattoo, Toys / dildos"
https://www.realjamvr.com/virtualreality/scene/id/62-two_babes_share_a_cock?a=5bc62289ccff3e6ec01c0b11,"Antonia Sainz, Eveline Dellai","Two Babes Share A Cock",https://rest.s3for.me/s3.realjamvr.com/images/62/310_cover.jpg,2046,"<iframe src=""https://www.realjamvr.com/embed/video/id/62?a=5bc62289ccff3e6ec01c0b11"" width=""320"" height=""240""></iframe>","Anal, Blow job, Brunette, Cowgirl, Cumshots, Czech, F/F/M, Hardcore, High socks, Italian, POV, Pierced navel, Reverse cowgirl, Shaved pussy, Shorts / skirts, Small tits, Threesome, Tits fucking, Trimmed pussy"
https://www.realjamvr.com/virtualreality/scene/id/63-sweet_and_hot?a=5bc62289ccff3e6ec01c0b11,"Angel Piaff, Vinna Reed","Sweet and Hot",https://rest.s3for.me/s3.realjamvr.com/images/63/311_cover.jpg,2026,"<iframe src=""https://www.realjamvr.com/embed/video/id/63?a=5bc62289ccff3e6ec01c0b11"" width=""320"" height=""240""></iframe>","Anal, Babe, Blonde, Blow job, Cowgirl, Czech, F/F/M, Facials, Hardcore, POV, Pierced navel, Pussy licking, Reverse cowgirl, Shaved pussy, Socks, Tattoo, Threesome, Toys / dildos"
https://www.realjamvr.com/virtualreality/scene/id/64-your_dick_for_blondes?a=5bc62289ccff3e6ec01c0b11,"Angelika Grays, Barra Brass","Your Dick for Blondes",https://rest.s3for.me/s3.realjamvr.com/images/64/319_cover.jpg,2118,"<iframe src=""https://www.realjamvr.com/embed/video/id/64?a=5bc62289ccff3e6ec01c0b11"" width=""320"" height=""240""></iframe>","Anal, Anal masturbation, Asslicking / rimming, Blonde, Blow job, Cowgirl, F/F/M, Hardcore, High socks, POV, Pussy licking, Reverse cowgirl, Russian, Shaved pussy, Threesome"
https://www.realjamvr.com/virtualreality/scene/id/65-stepsisters_babes_fucking_their_classmate?a=5bc62289ccff3e6ec01c0b11,"Victoria Puppy","Stepsisters Babes Fucking Their Classmate",https://rest.s3for.me/s3.realjamvr.com/images/65/321_cover.jpg,1822,"<iframe src=""https://www.realjamvr.com/embed/video/id/65?a=5bc62289ccff3e6ec01c0b11"" width=""320"" height=""240""></iframe>","Blonde, Blow job, Cowgirl, Czech, F/F/M, Facials, Family role play, Hardcore, POV, Reverse cowgirl, Step sister, Tattoo, Threesome"
https://www.realjamvr.com/virtualreality/scene/id/66-great_anal_with_two_girls?a=5bc62289ccff3e6ec01c0b11,"Barra Brass, Lisa Davis","Great Anal With Two Girls",https://rest.s3for.me/s3.realjamvr.com/images/66/330_cover.jpg,2374,"<iframe src=""https://www.realjamvr.com/embed/video/id/66?a=5bc62289ccff3e6ec01c0b11"" width=""320"" height=""240""></iframe>","Anal, Blonde, Brunette, Cowgirl, Czech, F/F/M, Facials, Hardcore, High socks, POV, Reverse cowgirl, Russian, Shaved pussy, Threesome"
https://www.realjamvr.com/virtualreality/scene/id/67-fun_at_the_bar?a=5bc62289ccff3e6ec01c0b11,"Kerry Cherry","Fun At The Bar",https://rest.s3for.me/s3.realjamvr.com/images/67/331_cover.jpg,586,"<iframe src=""https://www.realjamvr.com/embed/video/id/67?a=5bc62289ccff3e6ec01c0b11"" width=""320"" height=""240""></iframe>","Brunette, Masturbation / fingering, No male, Russian, Shaved pussy, Small tits, Solo models"
https://www.realjamvr.com/virtualreality/scene/id/68-anal_fucking_at_the_bar?a=5bc62289ccff3e6ec01c0b11,"Kerry Cherry","Anal Fucking At The Bar",https://rest.s3for.me/s3.realjamvr.com/images/68/336_cover.jpg,2288,"<iframe src=""https://www.realjamvr.com/embed/video/id/68?a=5bc62289ccff3e6ec01c0b11"" width=""320"" height=""240""></iframe>","Anal, Blow job, Brunette, Cowgirl, Hardcore, POV, Reverse cowgirl, Russian, Small tits"
https://www.realjamvr.com/virtualreality/scene/id/69-anal_foursome?a=5bc62289ccff3e6ec01c0b11,"Barra Brass, Katy Rose, Sara Kay","Anal Foursome",https://rest.s3for.me/s3.realjamvr.com/images/69/345_cover.jpg,2438,"<iframe src=""https://www.realjamvr.com/embed/video/id/69?a=5bc62289ccff3e6ec01c0b11"" width=""320"" height=""240""></iframe>","Anal, Blonde, Blow job, Cowgirl, Czech, Facials, Foursome, Hardcore, High socks, POV, Reverse cowgirl, Shaved pussy, Small tits, Tattoo"
https://www.realjamvr.com/virtualreality/scene/id/70-mileenas_warm-up?a=5bc62289ccff3e6ec01c0b11,"Lita Phoenix","Mileena's Warm-up",https://rest.s3for.me/s3.realjamvr.com/images/70/350_cover.jpg,595,"<iframe src=""https://www.realjamvr.com/embed/video/id/70?a=5bc62289ccff3e6ec01c0b11"" width=""320"" height=""240""></iframe>","Belarus, Chestnut, Cosplay, Costumes, Gloves, Mask, Masturbation / fingering, No male, Shaved pussy, Solo models, Teen / young"
https://www.realjamvr.com/virtualreality/scene/id/71-deep_anal_with_mileena?a=5bc62289ccff3e6ec01c0b11,"Lita Phoenix","Deep Anal With Mileena",https://rest.s3for.me/s3.realjamvr.com/images/71/351_cover.jpg,1736,"<iframe src=""https://www.realjamvr.com/embed/video/id/71?a=5bc62289ccff3e6ec01c0b11"" width=""320"" height=""240""></iframe>","Anal, Belarus, Blow job, Chestnut, Cosplay, Costumes, Cowgirl, Doggy style, Hardcore, POV, Reverse cowgirl, Shaved pussy"
https://www.realjamvr.com/virtualreality/scene/id/72-mileena_vs_kitana_the_hottest_fight?a=5bc62289ccff3e6ec01c0b11,"Kerry Cherry, Lita Phoenix","Mileena vs Kitana: The Hottest Fight",https://rest.s3for.me/s3.realjamvr.com/images/72/360_cover.jpg,2078,"<iframe src=""https://www.realjamvr.com/embed/video/id/72?a=5bc62289ccff3e6ec01c0b11"" width=""320"" height=""240""></iframe>","Anal, Belarus, Blow job, Close ups, Cosplay, Costumes, Cowgirl, Creampie, F/F/M, Hardcore, Mask, POV, Pussy licking, Reverse cowgirl, Russian, Shaved pussy, Threesome"
https://www.realjamvr.com/virtualreality/scene/id/73-sweet_skinny_rider_2?a=5bc62289ccff3e6ec01c0b11,"Jasmine White","Sweet Skinny Rider 2",https://rest.s3for.me/s3.realjamvr.com/images/73/361_cover.jpg,1201,"<iframe src=""https://www.realjamvr.com/embed/video/id/73?a=5bc62289ccff3e6ec01c0b11"" width=""320"" height=""240""></iframe>","Blonde, Blow job, Cowgirl, Cumshots, Hardcore, POV, Reverse cowgirl, Russian, Shaved pussy, Tattoo"
https://www.realjamvr.com/virtualreality/scene/id/74-your_dick_for_blondes_2?a=5bc62289ccff3e6ec01c0b11,"Angelika Grays, Sara Kay","Your Dick For Blondes 2",https://rest.s3for.me/s3.realjamvr.com/images/74/366_cover.jpg,2182,"<iframe src=""https://www.realjamvr.com/embed/video/id/74?a=5bc62289ccff3e6ec01c0b11"" width=""320"" height=""240""></iframe>","Anal, Blonde, Blow job, Cowgirl, Cumshots, Czech, Doggy style, F/F/M, Hardcore, POV, Pussy licking, Reverse cowgirl, Russian, Shaved pussy, Small tits, Tattoo, Threesome"
https://www.realjamvr.com/virtualreality/scene/id/75-her_favorite_purple_toy?a=5bc62289ccff3e6ec01c0b11,"Lisa Davis","Her Favorite Purple Toy",https://rest.s3for.me/s3.realjamvr.com/images/75/371_cover.jpg,1604,"<iframe src=""https://www.realjamvr.com/embed/video/id/75?a=5bc62289ccff3e6ec01c0b11"" width=""320"" height=""240""></iframe>","Brunette, Close ups, Music, No male, Russian, Shaved pussy, Solo models, Toys / dildos"
https://www.realjamvr.com/virtualreality/scene/id/93-oiled_tits?a=5bc62289ccff3e6ec01c0b11,"Stacy Cruz","Oiled Tits",https://rest.s3for.me/s3.realjamvr.com/images/93/1068_cover.jpg,2557,"<iframe src=""https://www.realjamvr.com/embed/video/id/93?a=5bc62289ccff3e6ec01c0b11"" width=""320"" height=""240""></iframe>","Blonde, Blow Job, Chestnut, Cowgirl, Cumshots, Czech, Hardcore, Missionary, Oiled, POV, Reverse cowgirl, Tits fucking, Trimmed pussy"
https://www.realjamvr.com/virtualreality/scene/id/92-checkmate?a=5bc62289ccff3e6ec01c0b11,"Angel Wicky",Checkmate,https://rest.s3for.me/s3.realjamvr.com/images/92/1069_cover.jpg,2433,"<iframe src=""https://www.realjamvr.com/embed/video/id/92?a=5bc62289ccff3e6ec01c0b11"" width=""320"" height=""240""></iframe>","Big tits, Blonde, Blow job, Butts, Close ups, Cowgirl, Cumshots, Czech, Doggy style, English speech, Hardcore, MILF, Missionary, Nylons, POV, Pierced navel, Pierced nipple, Pierced pussy, Reverse cowgirl, Squirting, Stockings, Tits fucking, Trimmed pussy"
https://www.realjamvr.com/virtualreality/scene/id/91-housewife_and_her_daughter?a=5bc62289ccff3e6ec01c0b11,"Christie Stevens, Nia Nacci","Housewife and her Daughter",https://rest.s3for.me/s3.realjamvr.com/images/91/1070_cover.jpg,2338,"<iframe src=""https://www.realjamvr.com/embed/video/id/91?a=5bc62289ccff3e6ec01c0b11"" width=""320"" height=""240""></iframe>","American, Big tits, Black / ebony, Blow job, Close ups, Cowgirl, Cum in mouth, Doggy style, English speech, F/F/M, Hardcore, Missionary, POV, Pierced navel, Reverse cowgirl, Shaved pussy, Tattoo, Threesome, White male black female"
https://www.realjamvr.com/virtualreality/scene/id/90-big_boobs_fun?a=5bc62289ccff3e6ec01c0b11,"Natalie Cherie","Big Boobs Fun",https://rest.s3for.me/s3.realjamvr.com/images/90/1074_cover.jpg,2241,"<iframe src=""https://www.realjamvr.com/embed/video/id/90?a=5bc62289ccff3e6ec01c0b11"" width=""320"" height=""240""></iframe>","Big tits, Blonde, Blow job, Camera movement, Close ups, Cowgirl, Cumshots, Czech, Doggy style, Hardcore, High heels, Missionary, Nylons, POV, POV kissing, Pierced nipple, Pornstars, Reverse cowgirl, Silicone, Stockings, Tattoo, Tits fucking, Toys / dildos, Trimmed pussy"
https://www.realjamvr.com/virtualreality/scene/id/89-hot_robbery_2?a=5bc62289ccff3e6ec01c0b11,"Amanda Hill, Cindy Shine, Lady Dee","Hot Robbery 2",https://rest.s3for.me/s3.realjamvr.com/images/89/1075_cover.jpg,3588,"<iframe src=""https://www.realjamvr.com/embed/video/id/89?a=5bc62289ccff3e6ec01c0b11"" width=""320"" height=""240""></iframe>","Anal, Blow job, Brunette, Camera movement, Close ups, Cowgirl, Cumshots, Czech, English speech, Foursome, Hardcore, POV, Pierced navel, Reverse cowgirl, Small tits, Tattoo, Tied / rope"
https://www.realjamvr.com/virtualreality/scene/id/88-redhead_star?a=5bc62289ccff3e6ec01c0b11,"Dani Jensen","Redhead Star",https://rest.s3for.me/s3.realjamvr.com/images/88/1076_cover.jpg,2254,"<iframe src=""https://www.realjamvr.com/embed/video/id/88?a=5bc62289ccff3e6ec01c0b11"" width=""320"" height=""240""></iframe>","American, Blow job, Close ups, Corset, Cowgirl, Cumshots, Doggy style, English speech, Hardcore, Lingerie, Missionary, Nylons, POV, Redheads, Reverse cowgirl, Stockings, Trimmed pussy"
https://www.realjamvr.com/virtualreality/scene/id/87-special_police?a=5bc62289ccff3e6ec01c0b11,"Britney Amber","Special Police",https://rest.s3for.me/s3.realjamvr.com/images/87/1077_cover.jpg,2082,"<iframe src=""https://www.realjamvr.com/embed/video/id/87?a=5bc62289ccff3e6ec01c0b11"" width=""320"" height=""240""></iframe>","American, Anal, Big tits, Blow job, Chestnut, Cowgirl, Deep throat / gagging, Doggy style, English speech, Facials, Hardcore, Missionary, POV, Police, Reverse cowgirl, Silicone, Tattoo, Tits fucking, Trimmed pussy"
https://www.realjamvr.com/virtualreality/scene/id/86-medical_examination?a=5bc62289ccff3e6ec01c0b11,"Gina Gerson","Medical Examination",https://rest.s3for.me/s3.realjamvr.com/images/86/1078_cover.jpg,2646,"<iframe src=""https://www.realjamvr.com/embed/video/id/86?a=5bc62289ccff3e6ec01c0b11"" width=""320"" height=""240""></iframe>","Blonde, Blow job, Camera movement, Close ups, Cowgirl, Cumshots, Doggy style, English speech, Hardcore, Missionary, POV, Russian, Shaved pussy, Skinny, Small tits, Teen / young"
https://www.realjamvr.com/virtualreality/scene/id/85-scent_of_latina_hottie?a=5bc62289ccff3e6ec01c0b11,"Veronica Leal","Scent of Latina Hottie",https://rest.s3for.me/s3.realjamvr.com/images/85/1079_cover.jpg,2078,"<iframe src=""https://www.realjamvr.com/embed/video/id/85?a=5bc62289ccff3e6ec01c0b11"" width=""320"" height=""240""></iframe>","Blonde, Blow job, Boobs, Colombian, Cowgirl, Doggy style, English speech, Hardcore, Latino, Missionary, POV, Tattoo, Trimmed pussy"
https://www.realjamvr.com/virtualreality/scene/id/84-english_lessons?a=5bc62289ccff3e6ec01c0b11,"Eveline Dellai, Silvia Dellai","English Lessons",https://rest.s3for.me/s3.realjamvr.com/images/84/1080_cover.jpg,2286,"<iframe src=""https://www.realjamvr.com/embed/video/id/84?a=5bc62289ccff3e6ec01c0b11"" width=""320"" height=""240""></iframe>","Anal, Blow job, Camera movement, Cheerleader / college / school, Chestnut, Cowgirl, Doggy style, English speech, F/F/M, Hardcore, Italian, Missionary, POV, Pierced navel, Reverse cowgirl, Shaved pussy, Tattoo, Threesome"
https://www.realjamvr.com/virtualreality/scene/id/83-golden_shower_in_the_gym?a=5bc62289ccff3e6ec01c0b11,"Katy Rose","Golden Shower In the Gym",https://rest.s3for.me/s3.realjamvr.com/images/83/1081_cover.jpg,1555,"<iframe src=""https://www.realjamvr.com/embed/video/id/83?a=5bc62289ccff3e6ec01c0b11"" width=""320"" height=""240""></iframe>","Blow job, Brunette, Camera movement, Cowgirl, Czech, Doggy style, Flexible, Hardcore, Missionary, POV, Pissing / peeing, Reverse cowgirl, Trimmed pussy"
https://www.realjamvr.com/virtualreality/scene/id/82-realjamswing_-_friendly_neighborhood?a=5bc62289ccff3e6ec01c0b11,"Blanche Bradburry","RealJamSwing - Friendly Neighborhood",https://rest.s3for.me/s3.realjamvr.com/images/82/1082_cover.jpg,2401,"<iframe src=""https://www.realjamvr.com/embed/video/id/82?a=5bc62289ccff3e6ec01c0b11"" width=""320"" height=""240""></iframe>","Anal, Big tits, Blonde, Blow job, Close ups, Cowgirl, Cumshots, Czech, Doggy style, Double penetration, English speech, Hardcore, M/M/F, POV, Pierced pussy, Reverse cowgirl, Silicone, Tattoo, Threesome, Trimmed pussy"
https://www.realjamvr.com/virtualreality/scene/id/81-red_car_passion?a=5bc62289ccff3e6ec01c0b11,"Lola Myluv","Red Car Passion",https://rest.s3for.me/s3.realjamvr.com/images/81/1083_cover.jpg,1507,"<iframe src=""https://www.realjamvr.com/embed/video/id/81?a=5bc62289ccff3e6ec01c0b11"" width=""320"" height=""240""></iframe>","Bikes, cars, Blonde, Blow job, Close ups, Cowgirl, Czech, Doggy style, Facials, Hardcore, Missionary, POV, Reverse cowgirl, Shaved pussy"
https://www.realjamvr.com/virtualreality/scene/id/80-dream_awakening?a=5bc62289ccff3e6ec01c0b11,"Timea Bella","Dream Awakening",https://rest.s3for.me/s3.realjamvr.com/images/80/1084_cover.jpg,2895,"<iframe src=""https://www.realjamvr.com/embed/video/id/80?a=5bc62289ccff3e6ec01c0b11"" width=""320"" height=""240""></iframe>","Anal, Blow job, Close ups, Cowgirl, Doggy style, English speech, Hardcore, Highlited, Missionary, POV, Shaved pussy, Slovak, Tits fucking"
https://www.realjamvr.com/virtualreality/scene/id/79-voyeurs_fantasy?a=5bc62289ccff3e6ec01c0b11,"Darce Lee","Voyeur's Fantasy",https://rest.s3for.me/s3.realjamvr.com/images/79/1085_cover.jpg,1572,"<iframe src=""https://www.realjamvr.com/embed/video/id/79?a=5bc62289ccff3e6ec01c0b11"" width=""320"" height=""240""></iframe>","Bath / shower, Blow job, Brunette, Camera movement, Close ups, Cowgirl, Cum in mouth, Footjob, Hardcore, Hungarian, POV, POV kissing, Reverse cowgirl, Tattoo, Tits fucking, Trimmed pussy"
https://www.realjamvr.com/virtualreality/scene/id/78-when_the_wife_suddenly_comes?a=5bc62289ccff3e6ec01c0b11,"Ashley Woods, Katy Rose","When The Wife Suddenly Comes",https://rest.s3for.me/s3.realjamvr.com/images/78/1086_cover.jpg,2139,"<iframe src=""https://www.realjamvr.com/embed/video/id/78?a=5bc62289ccff3e6ec01c0b11"" width=""320"" height=""240""></iframe>","Anal, Blow job, Close ups, Cowgirl, Czech, Doggy style, English speech, F/F/M, Hardcore, Missionary, POV, Pussy licking, Reverse cowgirl, Tattoo, Threesome"
https://www.realjamvr.com/virtualreality/scene/id/76-freeze_its_hot_robbery?a=5bc62289ccff3e6ec01c0b11,"Antonia Sainz, Cindy Shine","Freeze! It's Hot Robbery!",https://rest.s3for.me/s3.realjamvr.com/images/76/1088_cover.jpg,2159,"<iframe src=""https://www.realjamvr.com/embed/video/id/76?a=5bc62289ccff3e6ec01c0b11"" width=""320"" height=""240""></iframe>","Anal, Blow job, Chestnut, Close ups, Cowgirl, Cumshots, Czech, Doggy style, English speech, F/F/M, Hardcore, Missionary, Pussy licking, Redheads, Reverse cowgirl, Small tits, Threesome, Tied / rope"
https://www.realjamvr.com/virtualreality/scene/id/94-bdsm_prickly_roses?a=5bc62289ccff3e6ec01c0b11,"Lady Dee","BDSM: Prickly Roses",https://rest.s3for.me/s3.realjamvr.com/images/94/1089_cover.jpg,2649,"<iframe src=""https://www.realjamvr.com/embed/video/id/94?a=5bc62289ccff3e6ec01c0b11"" width=""320"" height=""240""></iframe>","Anal, BDSM, Blow job, Bondage, Camera movement, Cum in mouth, Czech, Doggy style, Hardcore, Leash, Missionary, POV, Petite / slim, Shaved pussy, Small tits"
https://www.realjamvr.com/virtualreality/scene/id/95-hot_sister_of_my_girlfriend?a=5bc62289ccff3e6ec01c0b11,"Shay Evans","Hot Sister of my Girlfriend",https://rest.s3for.me/s3.realjamvr.com/images/95/1102_cover.jpg,2610,"<iframe src=""https://www.realjamvr.com/embed/video/id/95?a=5bc62289ccff3e6ec01c0b11"" width=""320"" height=""240""></iframe>","Anal, Big tits, Blow job, Brown skin, Brunette, Close ups, Cowgirl, Cum in mouth, Doggy style, English speech, Flashlight, Hardcore, Latino, Missionary, POV, POV kissing, Puerto rican, Reverse cowgirl, Shaved pussy, Silicone, Tits fucking"
https://www.realjamvr.com/virtualreality/scene/id/96-sweet_asian_holes?a=5bc62289ccff3e6ec01c0b11,"Poopea Pons","Sweet Asian Holes",https://rest.s3for.me/s3.realjamvr.com/images/96/1103_cover.jpg,2929,"<iframe src=""https://www.realjamvr.com/embed/video/id/96?a=5bc62289ccff3e6ec01c0b11"" width=""320"" height=""240""></iframe>","Anal, Asian, Blow job, Boobs, Brunette, Camera movement, Close ups, Cowgirl, English speech, Footjob, French, Hardcore, Missionary, POV, POV kissing, Pierced pussy, Reverse cowgirl, Silicone, Tattoo, Tits fucking, Trimmed pussy"
https://www.realjamvr.com/virtualreality/scene/id/77-purple_toy_for_sabrina?a=5bc62289ccff3e6ec01c0b11,"Angelika Grays","Purple Toy For Sabrina",https://rest.s3for.me/s3.realjamvr.com/images/77/1119_cover.jpg,808,"<iframe src=""https://www.realjamvr.com/embed/video/id/77?a=5bc62289ccff3e6ec01c0b11"" width=""320"" height=""240""></iframe>","Blonde, Close ups, Music, No male, Russian, Shaved pussy, Solo models, Striptease, Toys / dildos"
https://www.realjamvr.com/virtualreality/scene/id/1-exemplary_cleaning?a=5bc62289ccff3e6ec01c0b11,"Nancy A","Exemplary Cleaning",https://rest.s3for.me/s3.realjamvr.com/images/1/1120_cover.jpg,1629,"<iframe src=""https://www.realjamvr.com/embed/video/id/1?a=5bc62289ccff3e6ec01c0b11"" width=""320"" height=""240""></iframe>","Blonde, Blow job, Close ups, Cowgirl, Facials, Hardcore, High heels, Maids, POV, Reverse cowgirl, Trimmed pussy, Ukrainian, Uniforms"
https://www.realjamvr.com/virtualreality/scene/id/98-breakfast_from_nancy?a=5bc62289ccff3e6ec01c0b11,"Nancy A","Breakfast from Nancy",https://rest.s3for.me/s3.realjamvr.com/images/98/1128_cover.jpg,2875,"<iframe src=""https://www.realjamvr.com/embed/video/id/98?a=5bc62289ccff3e6ec01c0b11"" width=""320"" height=""240""></iframe>","Babe, Blonde, Blow job, Close ups, Cowgirl, Doggy style, Facials, Hardcore, POV, POV kissing, Petite / slim, Reverse cowgirl, Ukrainian"
https://www.realjamvr.com/virtualreality/scene/id/99-last_summer_days?a=5bc62289ccff3e6ec01c0b11,"Stacy Bloom","Last Summer Days",https://rest.s3for.me/s3.realjamvr.com/images/99/1129_cover.jpg,2494,"<iframe src=""https://www.realjamvr.com/embed/video/id/99?a=5bc62289ccff3e6ec01c0b11"" width=""320"" height=""240""></iframe>","Anal, Babe, Big tits, Boobs, Brunette, Doggy style, Hardcore, Outdoor, POV, POV kissing, Pool, Russian"
https://www.realjamvr.com/virtualreality/scene/id/100-unexpected_visit?a=5bc62289ccff3e6ec01c0b11,"Marilyn Crystal, Stacy Cruz","Unexpected visit",https://rest.s3for.me/s3.realjamvr.com/images/100/1136_cover.jpg,4322,"<iframe src=""https://www.realjamvr.com/embed/video/id/100?a=5bc62289ccff3e6ec01c0b11"" width=""320"" height=""240""></iframe>","Babe, Big tits, Blonde, Blow job, Boobs, Cowgirl, Doggy style, F/F/M, Hardcore, POV, Threesome"
https://www.realjamvr.com/virtualreality/scene/id/101-incest_story?a=5bc62289ccff3e6ec01c0b11,"Alecia Fox, Lola Myluv","Incest Story",https://rest.s3for.me/s3.realjamvr.com/images/101/1143_cover.jpg,2717,"<iframe src=""https://www.realjamvr.com/embed/video/id/101?a=5bc62289ccff3e6ec01c0b11"" width=""320"" height=""240""></iframe>","3some, Babe, Blonde, Clit, pussy lips, Close ups, Cowgirl, Doggy style, F/F/M, Family role play, Hardcore, POV, POV kissing, Petite / slim, Pussy licking, Step sister"
https://www.realjamvr.com/virtualreality/scene/id/102-black_clover_xxx_parody?a=5bc62289ccff3e6ec01c0b11,"Skylar Vox","Black Clover XXX Parody",https://rest.s3for.me/s3.realjamvr.com/images/102/1156_cover.jpg,2620,"<iframe src=""https://www.realjamvr.com/embed/video/id/102?a=5bc62289ccff3e6ec01c0b11"" width=""320"" height=""240""></iframe>","American, Boobs, Cosplay, Cowgirl, Fetish, Hardcore, POV, POV kissing, Pornstars, Redheads, Reverse cowgirl, Tits fucking"
https://www.realjamvr.com/virtualreality/scene/id/103-anal_massage_for_the_cute?a=5bc62289ccff3e6ec01c0b11,"Emma Fantasy","Anal Massage for the Cute",https://rest.s3for.me/s3.realjamvr.com/images/103/1159_cover.jpg,2601,"<iframe src=""https://www.realjamvr.com/embed/video/id/103?a=5bc62289ccff3e6ec01c0b11"" width=""320"" height=""240""></iframe>","Anal, Blonde, Close ups, Cowgirl, Doggy style, Massage, Masturbation / fingering, POV"
https://www.realjamvr.com/virtualreality/scene/id/104-black_heart_anal?a=5bc62289ccff3e6ec01c0b11,"Crystal Rush","Black Heart Anal",https://rest.s3for.me/s3.realjamvr.com/images/104/1199_cover.jpg,3242,"<iframe src=""https://www.realjamvr.com/embed/video/id/104?a=5bc62289ccff3e6ec01c0b11"" width=""320"" height=""240""></iframe>","American, Anal, Big tits, Blow job, Boobs, Brunette, Cowgirl, Doggy style, Hardcore, POV, POV kissing, Pornstars, Reverse cowgirl, Tattoo, Tits fucking, Toys / dildos"
https://www.realjamvr.com/virtualreality/scene/id/105-special_birthday_cake?a=5bc62289ccff3e6ec01c0b11,"Sofia Lee","Special Birthday Cake",https://rest.s3for.me/s3.realjamvr.com/images/105/1200_cover.jpg,2482,"<iframe src=""https://www.realjamvr.com/embed/video/id/105?a=5bc62289ccff3e6ec01c0b11"" width=""320"" height=""240""></iframe>","Anal, Big tits, Boobs, Close ups, Cowgirl, Doggy style, English speech, Hardcore, Kitchen, Missionary, POV, POV kissing, Reverse cowgirl, Tits fucking, Trimmed pussy"
https://www.realjamvr.com/virtualreality/scene/id/106-tiny_asian_beauty?a=5bc62289ccff3e6ec01c0b11,"Vina Sky","Tiny Asian Beauty",https://rest.s3for.me/s3.realjamvr.com/images/106/1208_cover.jpg,2946,"<iframe src=""https://www.realjamvr.com/embed/video/id/106?a=5bc62289ccff3e6ec01c0b11"" width=""320"" height=""240""></iframe>","Asian, Babe, Brunette, Close ups, Cowgirl, Doggy style, Hardcore, Missionary, POV, POV kissing, Petite / slim, Pornstars, Reverse cowgirl, Skinny, Teen / young"
https://www.realjamvr.com/virtualreality/scene/id/107-mega_busty_housekeeper?a=5bc62289ccff3e6ec01c0b11,"Gabbie Carter","Mega Busty Housekeeper",https://rest.s3for.me/s3.realjamvr.com/images/107/1215_cover.jpg,1972,"<iframe src=""https://www.realjamvr.com/embed/video/id/107?a=5bc62289ccff3e6ec01c0b11"" width=""320"" height=""240""></iframe>","American, Big tits, Boobs, Brunette, Close ups, Cosplay, Cowgirl, English speech, Missionary, POV, POV kissing, Pornstars, Reverse cowgirl, Tits fucking, Uniforms"
https://www.realjamvr.com/virtualreality/scene/id/108-sexy_ass_in_tight_shorts?a=5bc62289ccff3e6ec01c0b11,"Havana Bleu","Sexy Ass in Tight Shorts",https://rest.s3for.me/s3.realjamvr.com/images/108/1224_cover.jpg,2742,"<iframe src=""https://www.realjamvr.com/embed/video/id/108?a=5bc62289ccff3e6ec01c0b11"" width=""320"" height=""240""></iframe>","American, Babe, Big tits, Blow job, Boobs, Brunette, Butts, Close ups, Cowgirl, Doggy style, English speech, Hardcore, Kissing, Latino, Missionary, POV, POV kissing, Pornstars, Pussy licking, Reverse cowgirl, Shorts / skirts"
https://www.realjamvr.com/virtualreality/scene/id/109-oiled_latina_ass?a=5bc62289ccff3e6ec01c0b11,"Alina Belle","Oiled Latina Ass",https://rest.s3for.me/s3.realjamvr.com/images/109/1231_cover.jpg,3182,"<iframe src=""https://www.realjamvr.com/embed/video/id/109?a=5bc62289ccff3e6ec01c0b11"" width=""320"" height=""240""></iframe>","Big tits, Blow job, Boobs, Brazilian, Brunette, Butts, Close ups, Cowgirl, English speech, Hardcore, Latino, Massage, Masturbation / fingering, Missionary, Oiled, POV, Silicone, Tattoo"
