SceneURL,Pornstars,Title,ThumbURL,"Duration (sec)",iFrame,Tags
https://www.stasyqvr.com/virtualreality/scene/id/1-tattooed_babe_sunbathes_topless?a=5bc62289ccff3e6ec01c0b11,"Anzhelika Anderson","Tattooed Babe Sunbathes Topless",https://rest.s3for.me/s3.stasyqvr.com/images/1/169_cover.jpg,728,"<iframe src=""https://www.stasyqvr.com/embed/video/id/1?a=5bc62289ccff3e6ec01c0b11"" width=""320"" height=""240""></iframe>",-
https://www.stasyqvr.com/virtualreality/scene/id/2-sporty_brunette_gets_naked?a=5bc62289ccff3e6ec01c0b11,KiraQ,"Sporty Brunette Gets Naked",https://rest.s3for.me/s3.stasyqvr.com/images/2/212_cover.jpg,465,"<iframe src=""https://www.stasyqvr.com/embed/video/id/2?a=5bc62289ccff3e6ec01c0b11"" width=""320"" height=""240""></iframe>",-
https://www.stasyqvr.com/virtualreality/scene/id/3-hottie_gets_naked_and_naughty_before_work?a=5bc62289ccff3e6ec01c0b11,MilaQ,"Hottie Gets Naked and Naughty Before Work",https://rest.s3for.me/s3.stasyqvr.com/images/3/171_cover.jpg,481,"<iframe src=""https://www.stasyqvr.com/embed/video/id/3?a=5bc62289ccff3e6ec01c0b11"" width=""320"" height=""240""></iframe>",-
https://www.stasyqvr.com/virtualreality/scene/id/4-sexy_stasy_cant_keep_her_tiny_skirt_on?a=5bc62289ccff3e6ec01c0b11,AnsyQ,"Sexy Stasy Can't Keep Her Tiny Skirt On",https://rest.s3for.me/s3.stasyqvr.com/images/4/172_cover.jpg,569,"<iframe src=""https://www.stasyqvr.com/embed/video/id/4?a=5bc62289ccff3e6ec01c0b11"" width=""320"" height=""240""></iframe>",-
https://www.stasyqvr.com/virtualreality/scene/id/5-vacationing_hottie_ends_up_naked?a=5bc62289ccff3e6ec01c0b11,SunnyQ,"Vacationing Hottie Ends Up Naked",https://rest.s3for.me/s3.stasyqvr.com/images/5/173_cover.jpg,598,"<iframe src=""https://www.stasyqvr.com/embed/video/id/5?a=5bc62289ccff3e6ec01c0b11"" width=""320"" height=""240""></iframe>",-
https://www.stasyqvr.com/virtualreality/scene/id/6-lazy_day_turns_into_sexy_fun?a=5bc62289ccff3e6ec01c0b11,P-JaneQ,"Lazy Day Turns Into Sexy Fun",https://rest.s3for.me/s3.stasyqvr.com/images/6/174_cover.jpg,577,"<iframe src=""https://www.stasyqvr.com/embed/video/id/6?a=5bc62289ccff3e6ec01c0b11"" width=""320"" height=""240""></iframe>",-
https://www.stasyqvr.com/virtualreality/scene/id/7-stasy_strips_off_her_very_short_dress?a=5bc62289ccff3e6ec01c0b11,"Eva Jane","Stasy Strips Off Her Very Short Dress",https://rest.s3for.me/s3.stasyqvr.com/images/7/175_cover.jpg,647,"<iframe src=""https://www.stasyqvr.com/embed/video/id/7?a=5bc62289ccff3e6ec01c0b11"" width=""320"" height=""240""></iframe>",-
https://www.stasyqvr.com/virtualreality/scene/id/8-busty_tatted_up_hottie_strips_in_front_of_a_window?a=5bc62289ccff3e6ec01c0b11,ElinaQ,"Busty, Tatted Up Hottie Strips In Front of a Window",https://rest.s3for.me/s3.stasyqvr.com/images/8/176_cover.jpg,505,"<iframe src=""https://www.stasyqvr.com/embed/video/id/8?a=5bc62289ccff3e6ec01c0b11"" width=""320"" height=""240""></iframe>",-
https://www.stasyqvr.com/virtualreality/scene/id/9-fit_stunner_gets_her_big_tits_squeezed?a=5bc62289ccff3e6ec01c0b11,KiraQ,"Fit Stunner Gets Her Big Tits Squeezed",https://rest.s3for.me/s3.stasyqvr.com/images/9/177_cover.jpg,436,"<iframe src=""https://www.stasyqvr.com/embed/video/id/9?a=5bc62289ccff3e6ec01c0b11"" width=""320"" height=""240""></iframe>",-
https://www.stasyqvr.com/virtualreality/scene/id/10-blonde_stunner_has_erotic_fun_in_the_morning?a=5bc62289ccff3e6ec01c0b11,DaleeQ,"Blonde Stunner Has Erotic Fun in the Morning",https://rest.s3for.me/s3.stasyqvr.com/images/10/178_cover.jpg,663,"<iframe src=""https://www.stasyqvr.com/embed/video/id/10?a=5bc62289ccff3e6ec01c0b11"" width=""320"" height=""240""></iframe>",-
https://www.stasyqvr.com/virtualreality/scene/id/11-busty_leggy_babe_has_fun_in_lingerie?a=5bc62289ccff3e6ec01c0b11,BergyQ,"Busty, Leggy Babe Has Fun In Lingerie",https://rest.s3for.me/s3.stasyqvr.com/images/11/179_cover.jpg,422,"<iframe src=""https://www.stasyqvr.com/embed/video/id/11?a=5bc62289ccff3e6ec01c0b11"" width=""320"" height=""240""></iframe>",-
https://www.stasyqvr.com/virtualreality/scene/id/12-fit_hot_blonde_gets_naughty_in_her_new_loft?a=5bc62289ccff3e6ec01c0b11,FerdyQ,"Fit, Hot Blonde Gets Naughty in Her New Loft",https://rest.s3for.me/s3.stasyqvr.com/images/12/180_cover.jpg,615,"<iframe src=""https://www.stasyqvr.com/embed/video/id/12?a=5bc62289ccff3e6ec01c0b11"" width=""320"" height=""240""></iframe>",-
https://www.stasyqvr.com/virtualreality/scene/id/13-petite_babe_stasy_strips_off_her_jean_shorts?a=5bc62289ccff3e6ec01c0b11,"Sasha Pea","Petite babe Stasy Strips Off Her Jean Shorts",https://rest.s3for.me/s3.stasyqvr.com/images/13/181_cover.jpg,448,"<iframe src=""https://www.stasyqvr.com/embed/video/id/13?a=5bc62289ccff3e6ec01c0b11"" width=""320"" height=""240""></iframe>",-
https://www.stasyqvr.com/virtualreality/scene/id/14-hot_teen_babe_strips_out_of_her_schoolgirl_skirt?a=5bc62289ccff3e6ec01c0b11,"Mary Kalisy","Hot Teen Babe Strips Out Of Her Schoolgirl Skirt",https://rest.s3for.me/s3.stasyqvr.com/images/14/182_cover.jpg,580,"<iframe src=""https://www.stasyqvr.com/embed/video/id/14?a=5bc62289ccff3e6ec01c0b11"" width=""320"" height=""240""></iframe>",-
https://www.stasyqvr.com/virtualreality/scene/id/15-blonde_stunner_dances_and_strips?a=5bc62289ccff3e6ec01c0b11,MonroQ,"Blonde Stunner Dances and Strips",https://rest.s3for.me/s3.stasyqvr.com/images/15/183_cover.jpg,592,"<iframe src=""https://www.stasyqvr.com/embed/video/id/15?a=5bc62289ccff3e6ec01c0b11"" width=""320"" height=""240""></iframe>",-
https://www.stasyqvr.com/virtualreality/scene/id/16-sexy_blonde_strips_and_shows_her_tight_body?a=5bc62289ccff3e6ec01c0b11,NessaQ,"Sexy Blonde Strips and Shows Her Tight Body",https://rest.s3for.me/s3.stasyqvr.com/images/16/184_cover.jpg,378,"<iframe src=""https://www.stasyqvr.com/embed/video/id/16?a=5bc62289ccff3e6ec01c0b11"" width=""320"" height=""240""></iframe>",-
https://www.stasyqvr.com/virtualreality/scene/id/17-fit_brunette_sexy_striptease?a=5bc62289ccff3e6ec01c0b11,OseeQ,"Fit Brunette Sexy Striptease",https://rest.s3for.me/s3.stasyqvr.com/images/17/185_cover.jpg,655,"<iframe src=""https://www.stasyqvr.com/embed/video/id/17?a=5bc62289ccff3e6ec01c0b11"" width=""320"" height=""240""></iframe>",-
https://www.stasyqvr.com/virtualreality/scene/id/18-blonde_dances_and_strips?a=5bc62289ccff3e6ec01c0b11,LilyQ,"Blonde Dances and Strips",https://rest.s3for.me/s3.stasyqvr.com/images/18/186_cover.jpg,428,"<iframe src=""https://www.stasyqvr.com/embed/video/id/18?a=5bc62289ccff3e6ec01c0b11"" width=""320"" height=""240""></iframe>",-
https://www.stasyqvr.com/virtualreality/scene/id/19-fit_babe_stasys_sexy_shower?a=5bc62289ccff3e6ec01c0b11,"Gloria Sol","Fit Babe Stasy's Sexy Shower",https://rest.s3for.me/s3.stasyqvr.com/images/19/187_cover.jpg,722,"<iframe src=""https://www.stasyqvr.com/embed/video/id/19?a=5bc62289ccff3e6ec01c0b11"" width=""320"" height=""240""></iframe>",-
https://www.stasyqvr.com/virtualreality/scene/id/20-stasy_shows_her_shaved_pussy?a=5bc62289ccff3e6ec01c0b11,OlivaQ,"Stasy Shows Her Shaved Pussy",https://rest.s3for.me/s3.stasyqvr.com/images/20/188_cover.jpg,631,"<iframe src=""https://www.stasyqvr.com/embed/video/id/20?a=5bc62289ccff3e6ec01c0b11"" width=""320"" height=""240""></iframe>",-
https://www.stasyqvr.com/virtualreality/scene/id/21-stasy_in_fishnets?a=5bc62289ccff3e6ec01c0b11,MiamiQ,"Stasy In Fishnets",https://rest.s3for.me/s3.stasyqvr.com/images/21/189_cover.jpg,492,"<iframe src=""https://www.stasyqvr.com/embed/video/id/21?a=5bc62289ccff3e6ec01c0b11"" width=""320"" height=""240""></iframe>",-
https://www.stasyqvr.com/virtualreality/scene/id/22-fit_busty_brunette_strips?a=5bc62289ccff3e6ec01c0b11,PhenyQ,"Fit, Busty Brunette Strips",https://rest.s3for.me/s3.stasyqvr.com/images/22/190_cover.jpg,385,"<iframe src=""https://www.stasyqvr.com/embed/video/id/22?a=5bc62289ccff3e6ec01c0b11"" width=""320"" height=""240""></iframe>",-
https://www.stasyqvr.com/virtualreality/scene/id/23-fit_tattooed_brunette_strips?a=5bc62289ccff3e6ec01c0b11,SunnyQ,"Fit, Tattooed Brunette Strips",https://rest.s3for.me/s3.stasyqvr.com/images/23/191_cover.jpg,493,"<iframe src=""https://www.stasyqvr.com/embed/video/id/23?a=5bc62289ccff3e6ec01c0b11"" width=""320"" height=""240""></iframe>",-
https://www.stasyqvr.com/virtualreality/scene/id/24-blonde_strips_for_breakfast?a=5bc62289ccff3e6ec01c0b11,DaleeQ,"Blonde Strips For Breakfast",https://rest.s3for.me/s3.stasyqvr.com/images/24/192_cover.jpg,651,"<iframe src=""https://www.stasyqvr.com/embed/video/id/24?a=5bc62289ccff3e6ec01c0b11"" width=""320"" height=""240""></iframe>",-
https://www.stasyqvr.com/virtualreality/scene/id/25-fit_blonde_shows_her_tight_body?a=5bc62289ccff3e6ec01c0b11,MilaQ,"Fit Blonde Shows Her Tight Body",https://rest.s3for.me/s3.stasyqvr.com/images/25/193_cover.jpg,582,"<iframe src=""https://www.stasyqvr.com/embed/video/id/25?a=5bc62289ccff3e6ec01c0b11"" width=""320"" height=""240""></iframe>",-
https://www.stasyqvr.com/virtualreality/scene/id/26-tight_fit_brunettes_sizzling_striptease?a=5bc62289ccff3e6ec01c0b11,AnsyQ,"Tight, Fit Brunette's Sizzling Striptease",https://rest.s3for.me/s3.stasyqvr.com/images/26/194_cover.jpg,494,"<iframe src=""https://www.stasyqvr.com/embed/video/id/26?a=5bc62289ccff3e6ec01c0b11"" width=""320"" height=""240""></iframe>",-
https://www.stasyqvr.com/virtualreality/scene/id/27-tight_sexy_blonde_with_shaved_pussy_strips?a=5bc62289ccff3e6ec01c0b11,"Mary Kalisy","Tight, Sexy Blonde with Shaved Pussy Strips",https://rest.s3for.me/s3.stasyqvr.com/images/27/195_cover.jpg,516,"<iframe src=""https://www.stasyqvr.com/embed/video/id/27?a=5bc62289ccff3e6ec01c0b11"" width=""320"" height=""240""></iframe>",-
https://www.stasyqvr.com/virtualreality/scene/id/28-flawless_blonde_does_sexy_striptease?a=5bc62289ccff3e6ec01c0b11,MonroQ,"Flawless Blonde Does Sexy Striptease",https://rest.s3for.me/s3.stasyqvr.com/images/28/196_cover.jpg,519,"<iframe src=""https://www.stasyqvr.com/embed/video/id/28?a=5bc62289ccff3e6ec01c0b11"" width=""320"" height=""240""></iframe>",-
https://www.stasyqvr.com/virtualreality/scene/id/29-brunette_with_big_tits_teases?a=5bc62289ccff3e6ec01c0b11,BergyQ,"Brunette with Big Tits Teases",https://rest.s3for.me/s3.stasyqvr.com/images/29/197_cover.jpg,487,"<iframe src=""https://www.stasyqvr.com/embed/video/id/29?a=5bc62289ccff3e6ec01c0b11"" width=""320"" height=""240""></iframe>",-
https://www.stasyqvr.com/virtualreality/scene/id/30-fit_tattooed_brunette_sexy_striptease?a=5bc62289ccff3e6ec01c0b11,SunnyQ,"Fit Tattooed Brunette Sexy Striptease",https://rest.s3for.me/s3.stasyqvr.com/images/30/198_cover.jpg,557,"<iframe src=""https://www.stasyqvr.com/embed/video/id/30?a=5bc62289ccff3e6ec01c0b11"" width=""320"" height=""240""></iframe>",-
https://www.stasyqvr.com/virtualreality/scene/id/31-angelika_anders_strips_down?a=5bc62289ccff3e6ec01c0b11,"Anzhelika Anderson","Angelika Anders Strips Down",https://rest.s3for.me/s3.stasyqvr.com/images/31/199_cover.jpg,506,"<iframe src=""https://www.stasyqvr.com/embed/video/id/31?a=5bc62289ccff3e6ec01c0b11"" width=""320"" height=""240""></iframe>",-
https://www.stasyqvr.com/virtualreality/scene/id/32-tight_tanya_takes_off_her_sexy_black_outfit?a=5bc62289ccff3e6ec01c0b11,LilyQ,"Tight Tanya Takes Off Her Sexy Black Outfit",https://rest.s3for.me/s3.stasyqvr.com/images/32/200_cover.jpg,423,"<iframe src=""https://www.stasyqvr.com/embed/video/id/32?a=5bc62289ccff3e6ec01c0b11"" width=""320"" height=""240""></iframe>",-
https://www.stasyqvr.com/virtualreality/scene/id/33-tattooed_brunette_gets_naked?a=5bc62289ccff3e6ec01c0b11,KiraQ,"Tattooed Brunette Gets Naked",https://rest.s3for.me/s3.stasyqvr.com/images/33/201_cover.jpg,601,"<iframe src=""https://www.stasyqvr.com/embed/video/id/33?a=5bc62289ccff3e6ec01c0b11"" width=""320"" height=""240""></iframe>",-
https://www.stasyqvr.com/virtualreality/scene/id/34-tight_blonde_morning_striptease?a=5bc62289ccff3e6ec01c0b11,OseeQ,"Tight Blonde Morning Striptease",https://rest.s3for.me/s3.stasyqvr.com/images/34/202_cover.jpg,697,"<iframe src=""https://www.stasyqvr.com/embed/video/id/34?a=5bc62289ccff3e6ec01c0b11"" width=""320"" height=""240""></iframe>",-
https://www.stasyqvr.com/virtualreality/scene/id/35-stunning_blonde_strips_off_bathing_suit?a=5bc62289ccff3e6ec01c0b11,NessaQ,"Stunning Blonde Strips Off Bathing Suit",https://rest.s3for.me/s3.stasyqvr.com/images/35/203_cover.jpg,409,"<iframe src=""https://www.stasyqvr.com/embed/video/id/35?a=5bc62289ccff3e6ec01c0b11"" width=""320"" height=""240""></iframe>",-
https://www.stasyqvr.com/virtualreality/scene/id/36-busty_brunette_seductively_strips?a=5bc62289ccff3e6ec01c0b11,SunnyQ,"Busty Brunette Seductively Strips",https://rest.s3for.me/s3.stasyqvr.com/images/36/204_cover.jpg,511,"<iframe src=""https://www.stasyqvr.com/embed/video/id/36?a=5bc62289ccff3e6ec01c0b11"" width=""320"" height=""240""></iframe>",-
https://www.stasyqvr.com/virtualreality/scene/id/37-babe_with_big_tits_shows_her_flawless_body?a=5bc62289ccff3e6ec01c0b11,PhenyQ,"Babe with Big Tits Shows Her Flawless Body",https://rest.s3for.me/s3.stasyqvr.com/images/37/205_cover.jpg,684,"<iframe src=""https://www.stasyqvr.com/embed/video/id/37?a=5bc62289ccff3e6ec01c0b11"" width=""320"" height=""240""></iframe>",-
https://www.stasyqvr.com/virtualreality/scene/id/38-gorgeous_fit_babe_gets_naked_in_bed?a=5bc62289ccff3e6ec01c0b11,"Gloria Sol","Gorgeous, Fit Babe Gets Naked in Bed",https://rest.s3for.me/s3.stasyqvr.com/images/38/206_cover.jpg,675,"<iframe src=""https://www.stasyqvr.com/embed/video/id/38?a=5bc62289ccff3e6ec01c0b11"" width=""320"" height=""240""></iframe>",-
https://www.stasyqvr.com/virtualreality/scene/id/39-exotic_babe_with_fit_body_strips?a=5bc62289ccff3e6ec01c0b11,P-JaneQ,"Exotic Babe with Fit Body Strips",https://rest.s3for.me/s3.stasyqvr.com/images/39/207_cover.jpg,508,"<iframe src=""https://www.stasyqvr.com/embed/video/id/39?a=5bc62289ccff3e6ec01c0b11"" width=""320"" height=""240""></iframe>",-
https://www.stasyqvr.com/virtualreality/scene/id/40-olya_tatar_is_a_very_bad_girl?a=5bc62289ccff3e6ec01c0b11,OlivaQ,"Olya Tatar is a Very Bad Girl",https://rest.s3for.me/s3.stasyqvr.com/images/40/208_cover.jpg,524,"<iframe src=""https://www.stasyqvr.com/embed/video/id/40?a=5bc62289ccff3e6ec01c0b11"" width=""320"" height=""240""></iframe>",-
https://www.stasyqvr.com/virtualreality/scene/id/41-radiant_busty_blonde_sexy_striptease?a=5bc62289ccff3e6ec01c0b11,FerdyQ,"Radiant Busty Blonde Sexy Striptease",https://rest.s3for.me/s3.stasyqvr.com/images/41/211_cover.jpg,530,"<iframe src=""https://www.stasyqvr.com/embed/video/id/41?a=5bc62289ccff3e6ec01c0b11"" width=""320"" height=""240""></iframe>",-
https://www.stasyqvr.com/virtualreality/scene/id/42-blonde_striptease?a=5bc62289ccff3e6ec01c0b11,MiamiQ,"Blonde Striptease",https://rest.s3for.me/s3.stasyqvr.com/images/42/210_cover.jpg,451,"<iframe src=""https://www.stasyqvr.com/embed/video/id/42?a=5bc62289ccff3e6ec01c0b11"" width=""320"" height=""240""></iframe>",-
https://www.stasyqvr.com/virtualreality/scene/id/44-red_ribbon_rose?a=5bc62289ccff3e6ec01c0b11,MeganQ,"Red Ribbon Rose",https://rest.s3for.me/s3.stasyqvr.com/images/44/289_cover.jpg,492,"<iframe src=""https://www.stasyqvr.com/embed/video/id/44?a=5bc62289ccff3e6ec01c0b11"" width=""320"" height=""240""></iframe>",-
https://www.stasyqvr.com/virtualreality/scene/id/45-private_tutor_private_dance?a=5bc62289ccff3e6ec01c0b11,MeganQ,"Private Tutor, Private Dance",https://rest.s3for.me/s3.stasyqvr.com/images/45/288_cover.jpg,328,"<iframe src=""https://www.stasyqvr.com/embed/video/id/45?a=5bc62289ccff3e6ec01c0b11"" width=""320"" height=""240""></iframe>",-
https://www.stasyqvr.com/virtualreality/scene/id/46-playing_in_the_sandbox?a=5bc62289ccff3e6ec01c0b11,"Alexandra Smelova","Playing in the Sandbox",https://rest.s3for.me/s3.stasyqvr.com/images/46/259_cover.jpg,144,"<iframe src=""https://www.stasyqvr.com/embed/video/id/46?a=5bc62289ccff3e6ec01c0b11"" width=""320"" height=""240""></iframe>",-
https://www.stasyqvr.com/virtualreality/scene/id/47-burning_by_the_bookshelf?a=5bc62289ccff3e6ec01c0b11,SilyQ,"Burning by the Bookshelf",https://rest.s3for.me/s3.stasyqvr.com/images/47/281_cover.jpg,551,"<iframe src=""https://www.stasyqvr.com/embed/video/id/47?a=5bc62289ccff3e6ec01c0b11"" width=""320"" height=""240""></iframe>",-
https://www.stasyqvr.com/virtualreality/scene/id/49-uptown_girl?a=5bc62289ccff3e6ec01c0b11,JennyQ,"Uptown Girl",https://rest.s3for.me/s3.stasyqvr.com/images/49/237_cover.jpg,555,"<iframe src=""https://www.stasyqvr.com/embed/video/id/49?a=5bc62289ccff3e6ec01c0b11"" width=""320"" height=""240""></iframe>",-
https://www.stasyqvr.com/virtualreality/scene/id/50-high_class_curves?a=5bc62289ccff3e6ec01c0b11,LunyQ,"High Class Curves",https://rest.s3for.me/s3.stasyqvr.com/images/50/282_cover.jpg,541,"<iframe src=""https://www.stasyqvr.com/embed/video/id/50?a=5bc62289ccff3e6ec01c0b11"" width=""320"" height=""240""></iframe>",-
https://www.stasyqvr.com/virtualreality/scene/id/51-lady_in_white?a=5bc62289ccff3e6ec01c0b11,MonroQ,"Lady in White",https://rest.s3for.me/s3.stasyqvr.com/images/51/283_cover.jpg,582,"<iframe src=""https://www.stasyqvr.com/embed/video/id/51?a=5bc62289ccff3e6ec01c0b11"" width=""320"" height=""240""></iframe>",-
https://www.stasyqvr.com/virtualreality/scene/id/52-sexy_in_yellow?a=5bc62289ccff3e6ec01c0b11,MeganQ,"Sexy in Yellow",https://rest.s3for.me/s3.stasyqvr.com/images/52/284_cover.jpg,446,"<iframe src=""https://www.stasyqvr.com/embed/video/id/52?a=5bc62289ccff3e6ec01c0b11"" width=""320"" height=""240""></iframe>",-
https://www.stasyqvr.com/virtualreality/scene/id/53-frisky_fishnets?a=5bc62289ccff3e6ec01c0b11,SilyQ,"Frisky Fishnets",https://rest.s3for.me/s3.stasyqvr.com/images/53/285_cover.jpg,608,"<iframe src=""https://www.stasyqvr.com/embed/video/id/53?a=5bc62289ccff3e6ec01c0b11"" width=""320"" height=""240""></iframe>",-
https://www.stasyqvr.com/virtualreality/scene/id/54-blue_haired_beauty?a=5bc62289ccff3e6ec01c0b11,IngaQ,"Blue Haired Beauty",https://rest.s3for.me/s3.stasyqvr.com/images/54/286_cover.jpg,517,"<iframe src=""https://www.stasyqvr.com/embed/video/id/54?a=5bc62289ccff3e6ec01c0b11"" width=""320"" height=""240""></iframe>",-
https://www.stasyqvr.com/virtualreality/scene/id/55-playful_playdate?a=5bc62289ccff3e6ec01c0b11,ForyQ,"Playful Playdate",https://rest.s3for.me/s3.stasyqvr.com/images/55/287_cover.jpg,450,"<iframe src=""https://www.stasyqvr.com/embed/video/id/55?a=5bc62289ccff3e6ec01c0b11"" width=""320"" height=""240""></iframe>",-
https://www.stasyqvr.com/virtualreality/scene/id/57-boots_n_blondes?a=5bc62289ccff3e6ec01c0b11,MarbellaQ,"Boots 'n Blondes",https://rest.s3for.me/s3.stasyqvr.com/images/57/290_cover.jpg,562,"<iframe src=""https://www.stasyqvr.com/embed/video/id/57?a=5bc62289ccff3e6ec01c0b11"" width=""320"" height=""240""></iframe>",-
https://www.stasyqvr.com/virtualreality/scene/id/58-body_stocking_bombshell?a=5bc62289ccff3e6ec01c0b11,MeganQ,"Body Stocking Bombshell",https://rest.s3for.me/s3.stasyqvr.com/images/58/304_cover.jpg,643,"<iframe src=""https://www.stasyqvr.com/embed/video/id/58?a=5bc62289ccff3e6ec01c0b11"" width=""320"" height=""240""></iframe>",-
https://www.stasyqvr.com/virtualreality/scene/id/59-red_hair_blue_dress?a=5bc62289ccff3e6ec01c0b11,LunyQ,"Red Hair, Blue Dress",https://rest.s3for.me/s3.stasyqvr.com/images/59/305_cover.jpg,579,"<iframe src=""https://www.stasyqvr.com/embed/video/id/59?a=5bc62289ccff3e6ec01c0b11"" width=""320"" height=""240""></iframe>",-
https://www.stasyqvr.com/virtualreality/scene/id/60-follow_the_curves?a=5bc62289ccff3e6ec01c0b11,OlivaQ,"Follow the Curves",https://rest.s3for.me/s3.stasyqvr.com/images/60/319_cover.jpg,609,"<iframe src=""https://www.stasyqvr.com/embed/video/id/60?a=5bc62289ccff3e6ec01c0b11"" width=""320"" height=""240""></iframe>",-
https://www.stasyqvr.com/virtualreality/scene/id/61-high_times_in_a_highrise?a=5bc62289ccff3e6ec01c0b11,AshleyQ,"High Times in a Highrise",https://rest.s3for.me/s3.stasyqvr.com/images/61/329_cover.jpg,700,"<iframe src=""https://www.stasyqvr.com/embed/video/id/61?a=5bc62289ccff3e6ec01c0b11"" width=""320"" height=""240""></iframe>",-
https://www.stasyqvr.com/virtualreality/scene/id/62-beauty_in_a_backless?a=5bc62289ccff3e6ec01c0b11,NatellaQ,"Beauty in a Backless",https://rest.s3for.me/s3.stasyqvr.com/images/62/335_cover.jpg,731,"<iframe src=""https://www.stasyqvr.com/embed/video/id/62?a=5bc62289ccff3e6ec01c0b11"" width=""320"" height=""240""></iframe>",-
https://www.stasyqvr.com/virtualreality/scene/id/63-naughty_little_mouse?a=5bc62289ccff3e6ec01c0b11,LilianQ,"Naughty Little Mouse",https://rest.s3for.me/s3.stasyqvr.com/images/63/336_cover.jpg,609,"<iframe src=""https://www.stasyqvr.com/embed/video/id/63?a=5bc62289ccff3e6ec01c0b11"" width=""320"" height=""240""></iframe>",-
https://www.stasyqvr.com/virtualreality/scene/id/65-polka_dot_cutie?a=5bc62289ccff3e6ec01c0b11,"Gloria Sol","Polka Dot Cutie",https://rest.s3for.me/s3.stasyqvr.com/images/65/346_cover.jpg,520,"<iframe src=""https://www.stasyqvr.com/embed/video/id/65?a=5bc62289ccff3e6ec01c0b11"" width=""320"" height=""240""></iframe>",-
https://www.stasyqvr.com/virtualreality/scene/id/66-grey_skies_grey_dress?a=5bc62289ccff3e6ec01c0b11,JennyQ,"Grey Skies Grey Dress",https://rest.s3for.me/s3.stasyqvr.com/images/66/347_cover.jpg,557,"<iframe src=""https://www.stasyqvr.com/embed/video/id/66?a=5bc62289ccff3e6ec01c0b11"" width=""320"" height=""240""></iframe>",-
https://www.stasyqvr.com/virtualreality/scene/id/67-tight_titty_t-shirt?a=5bc62289ccff3e6ec01c0b11,LilianQ,"Tight Titty T-Shirt",https://rest.s3for.me/s3.stasyqvr.com/images/67/370_cover.jpg,461,"<iframe src=""https://www.stasyqvr.com/embed/video/id/67?a=5bc62289ccff3e6ec01c0b11"" width=""320"" height=""240""></iframe>",-
https://www.stasyqvr.com/virtualreality/scene/id/68-fishnet_goddess?a=5bc62289ccff3e6ec01c0b11,MarbellaQ,"Fishnet Goddess",https://rest.s3for.me/s3.stasyqvr.com/images/68/376_cover.jpg,643,"<iframe src=""https://www.stasyqvr.com/embed/video/id/68?a=5bc62289ccff3e6ec01c0b11"" width=""320"" height=""240""></iframe>",-
https://www.stasyqvr.com/virtualreality/scene/id/69-mirror_mirror?a=5bc62289ccff3e6ec01c0b11,AshleyQ,"Mirror, Mirror",https://rest.s3for.me/s3.stasyqvr.com/images/69/400_cover.jpg,607,"<iframe src=""https://www.stasyqvr.com/embed/video/id/69?a=5bc62289ccff3e6ec01c0b11"" width=""320"" height=""240""></iframe>",-
https://www.stasyqvr.com/virtualreality/scene/id/70-sporty_stripping?a=5bc62289ccff3e6ec01c0b11,IngaQ,"Sporty Stripping",https://rest.s3for.me/s3.stasyqvr.com/images/70/406_cover.jpg,579,"<iframe src=""https://www.stasyqvr.com/embed/video/id/70?a=5bc62289ccff3e6ec01c0b11"" width=""320"" height=""240""></iframe>",-
https://www.stasyqvr.com/virtualreality/scene/id/72-gotta_catch_em_all?a=5bc62289ccff3e6ec01c0b11,OlivaQ,"Gotta Catch ’Em All",https://rest.s3for.me/s3.stasyqvr.com/images/72/352_cover.jpg,522,"<iframe src=""https://www.stasyqvr.com/embed/video/id/72?a=5bc62289ccff3e6ec01c0b11"" width=""320"" height=""240""></iframe>",-
https://www.stasyqvr.com/virtualreality/scene/id/73-high_heels_pink_panties?a=5bc62289ccff3e6ec01c0b11,"Gloria Sol","High Heels & Pink Panties",https://rest.s3for.me/s3.stasyqvr.com/images/73/361_cover.jpg,651,"<iframe src=""https://www.stasyqvr.com/embed/video/id/73?a=5bc62289ccff3e6ec01c0b11"" width=""320"" height=""240""></iframe>",-
https://www.stasyqvr.com/virtualreality/scene/id/74-short_haired_hottie?a=5bc62289ccff3e6ec01c0b11,NatellaQ,"Short Haired Hottie",https://rest.s3for.me/s3.stasyqvr.com/images/74/371_cover.jpg,638,"<iframe src=""https://www.stasyqvr.com/embed/video/id/74?a=5bc62289ccff3e6ec01c0b11"" width=""320"" height=""240""></iframe>",-
https://www.stasyqvr.com/virtualreality/scene/id/75-perky_dancer?a=5bc62289ccff3e6ec01c0b11,"Liya Silver","Perky Dancer",https://rest.s3for.me/s3.stasyqvr.com/images/75/390_cover.jpg,569,"<iframe src=""https://www.stasyqvr.com/embed/video/id/75?a=5bc62289ccff3e6ec01c0b11"" width=""320"" height=""240""></iframe>",-
https://www.stasyqvr.com/virtualreality/scene/id/76-striptease_for_breakfast?a=5bc62289ccff3e6ec01c0b11,"Katya Clover","Striptease For Breakfast",https://rest.s3for.me/s3.stasyqvr.com/images/76/405_cover.jpg,573,"<iframe src=""https://www.stasyqvr.com/embed/video/id/76?a=5bc62289ccff3e6ec01c0b11"" width=""320"" height=""240""></iframe>",-
https://www.stasyqvr.com/virtualreality/scene/id/77-long_legs_and_lace?a=5bc62289ccff3e6ec01c0b11,"Sandra Wellness","Long Legs and Lace",https://rest.s3for.me/s3.stasyqvr.com/images/77/407_cover.jpg,651,"<iframe src=""https://www.stasyqvr.com/embed/video/id/77?a=5bc62289ccff3e6ec01c0b11"" width=""320"" height=""240""></iframe>",-
https://www.stasyqvr.com/virtualreality/scene/id/78-work_of_art?a=5bc62289ccff3e6ec01c0b11,LessyQ,"Work of Art",https://rest.s3for.me/s3.stasyqvr.com/images/78/412_cover.jpg,481,"<iframe src=""https://www.stasyqvr.com/embed/video/id/78?a=5bc62289ccff3e6ec01c0b11"" width=""320"" height=""240""></iframe>",-
https://www.stasyqvr.com/virtualreality/scene/id/79-tight_little_tease?a=5bc62289ccff3e6ec01c0b11,XoxyQ,"Tight Little Tease",https://rest.s3for.me/s3.stasyqvr.com/images/79/426_cover.jpg,543,"<iframe src=""https://www.stasyqvr.com/embed/video/id/79?a=5bc62289ccff3e6ec01c0b11"" width=""320"" height=""240""></iframe>",-
https://www.stasyqvr.com/virtualreality/scene/id/80-not-so-shy_bookworm?a=5bc62289ccff3e6ec01c0b11,NomyQ,"Not-So-Shy Bookworm",https://rest.s3for.me/s3.stasyqvr.com/images/80/427_cover.jpg,594,"<iframe src=""https://www.stasyqvr.com/embed/video/id/80?a=5bc62289ccff3e6ec01c0b11"" width=""320"" height=""240""></iframe>",-
https://www.stasyqvr.com/virtualreality/scene/id/81-one_tough_knockout?a=5bc62289ccff3e6ec01c0b11,"Liya Silver","One Tough Knockout",https://rest.s3for.me/s3.stasyqvr.com/images/81/436_cover.jpg,517,"<iframe src=""https://www.stasyqvr.com/embed/video/id/81?a=5bc62289ccff3e6ec01c0b11"" width=""320"" height=""240""></iframe>",-
https://www.stasyqvr.com/virtualreality/scene/id/82-sunshine_and_smiles?a=5bc62289ccff3e6ec01c0b11,"Katya Clover","Sunshine and Smiles",https://rest.s3for.me/s3.stasyqvr.com/images/82/441_cover.jpg,627,"<iframe src=""https://www.stasyqvr.com/embed/video/id/82?a=5bc62289ccff3e6ec01c0b11"" width=""320"" height=""240""></iframe>",-
https://www.stasyqvr.com/virtualreality/scene/id/83-thigh_high_goddess?a=5bc62289ccff3e6ec01c0b11,"Sandra Wellness","Thigh High Goddess",https://rest.s3for.me/s3.stasyqvr.com/images/83/446_cover.jpg,561,"<iframe src=""https://www.stasyqvr.com/embed/video/id/83?a=5bc62289ccff3e6ec01c0b11"" width=""320"" height=""240""></iframe>",-
https://www.stasyqvr.com/virtualreality/scene/id/84-busty_broads_got_the_moves?a=5bc62289ccff3e6ec01c0b11,LessyQ,"Busty Broad's Got the Moves",https://rest.s3for.me/s3.stasyqvr.com/images/84/447_cover.jpg,360,"<iframe src=""https://www.stasyqvr.com/embed/video/id/84?a=5bc62289ccff3e6ec01c0b11"" width=""320"" height=""240""></iframe>",-
https://www.stasyqvr.com/virtualreality/scene/id/85-bad_mocha_beauty?a=5bc62289ccff3e6ec01c0b11,"Anna Thorne","Bad Mocha Beauty",https://rest.s3for.me/s3.stasyqvr.com/images/85/452_cover.jpg,719,"<iframe src=""https://www.stasyqvr.com/embed/video/id/85?a=5bc62289ccff3e6ec01c0b11"" width=""320"" height=""240""></iframe>",-
https://www.stasyqvr.com/virtualreality/scene/id/86-playful_and_petite?a=5bc62289ccff3e6ec01c0b11,"Liya Silver","Playful and Petite",https://rest.s3for.me/s3.stasyqvr.com/images/86/457_cover.jpg,530,"<iframe src=""https://www.stasyqvr.com/embed/video/id/86?a=5bc62289ccff3e6ec01c0b11"" width=""320"" height=""240""></iframe>",-
https://www.stasyqvr.com/virtualreality/scene/id/87-sheer_bliss?a=5bc62289ccff3e6ec01c0b11,TashaQ,"Sheer Bliss",https://rest.s3for.me/s3.stasyqvr.com/images/87/462_cover.jpg,631,"<iframe src=""https://www.stasyqvr.com/embed/video/id/87?a=5bc62289ccff3e6ec01c0b11"" width=""320"" height=""240""></iframe>",-
https://www.stasyqvr.com/virtualreality/scene/id/88-feelin_blue?a=5bc62289ccff3e6ec01c0b11,XoxyQ,"Feelin' Blue",https://rest.s3for.me/s3.stasyqvr.com/images/88/467_cover.jpg,526,"<iframe src=""https://www.stasyqvr.com/embed/video/id/88?a=5bc62289ccff3e6ec01c0b11"" width=""320"" height=""240""></iframe>",-
https://www.stasyqvr.com/virtualreality/scene/id/89-waiting_for_you?a=5bc62289ccff3e6ec01c0b11,NomyQ,"Waiting for You",https://rest.s3for.me/s3.stasyqvr.com/images/89/472_cover.jpg,514,"<iframe src=""https://www.stasyqvr.com/embed/video/id/89?a=5bc62289ccff3e6ec01c0b11"" width=""320"" height=""240""></iframe>",-
https://www.stasyqvr.com/virtualreality/scene/id/90-silver_lining_secret?a=5bc62289ccff3e6ec01c0b11,"Liya Silver","Silver Lining Secret",https://rest.s3for.me/s3.stasyqvr.com/images/90/481_cover.jpg,592,"<iframe src=""https://www.stasyqvr.com/embed/video/id/90?a=5bc62289ccff3e6ec01c0b11"" width=""320"" height=""240""></iframe>",-
https://www.stasyqvr.com/virtualreality/scene/id/91-exotiq_dreads?a=5bc62289ccff3e6ec01c0b11,"Anna Thorne","ExotiQ Dreads",https://rest.s3for.me/s3.stasyqvr.com/images/91/482_cover.jpg,614,"<iframe src=""https://www.stasyqvr.com/embed/video/id/91?a=5bc62289ccff3e6ec01c0b11"" width=""320"" height=""240""></iframe>",-
https://www.stasyqvr.com/virtualreality/scene/id/92-schoolgirl_gone_bad?a=5bc62289ccff3e6ec01c0b11,TashaQ,"Schoolgirl Gone Bad",https://rest.s3for.me/s3.stasyqvr.com/images/92/491_cover.jpg,673,"<iframe src=""https://www.stasyqvr.com/embed/video/id/92?a=5bc62289ccff3e6ec01c0b11"" width=""320"" height=""240""></iframe>",-
https://www.stasyqvr.com/virtualreality/scene/id/93-high_class_ass?a=5bc62289ccff3e6ec01c0b11,JennyQ,"High Class Ass",https://rest.s3for.me/s3.stasyqvr.com/images/93/496_cover.jpg,522,"<iframe src=""https://www.stasyqvr.com/embed/video/id/93?a=5bc62289ccff3e6ec01c0b11"" width=""320"" height=""240""></iframe>",-
https://www.stasyqvr.com/virtualreality/scene/id/94-love_her_curves?a=5bc62289ccff3e6ec01c0b11,NomyQ,"Love Her Curves",https://rest.s3for.me/s3.stasyqvr.com/images/94/505_cover.jpg,547,"<iframe src=""https://www.stasyqvr.com/embed/video/id/94?a=5bc62289ccff3e6ec01c0b11"" width=""320"" height=""240""></iframe>",-
https://www.stasyqvr.com/virtualreality/scene/id/95-bad_leather_babe?a=5bc62289ccff3e6ec01c0b11,XoxyQ,"Bad Leather Babe",https://rest.s3for.me/s3.stasyqvr.com/images/95/506_cover.jpg,549,"<iframe src=""https://www.stasyqvr.com/embed/video/id/95?a=5bc62289ccff3e6ec01c0b11"" width=""320"" height=""240""></iframe>",-
https://www.stasyqvr.com/virtualreality/scene/id/96-catching_your_dreams?a=5bc62289ccff3e6ec01c0b11,JennyQ,"Catching Your Dreams",https://rest.s3for.me/s3.stasyqvr.com/images/96/519_cover.jpg,600,"<iframe src=""https://www.stasyqvr.com/embed/video/id/96?a=5bc62289ccff3e6ec01c0b11"" width=""320"" height=""240""></iframe>",-
https://www.stasyqvr.com/virtualreality/scene/id/97-naughty_red_riding_hood?a=5bc62289ccff3e6ec01c0b11,NomyQ,"Naughty Red Riding Hood",https://rest.s3for.me/s3.stasyqvr.com/images/97/528_cover.jpg,412,"<iframe src=""https://www.stasyqvr.com/embed/video/id/97?a=5bc62289ccff3e6ec01c0b11"" width=""320"" height=""240""></iframe>",-
https://www.stasyqvr.com/virtualreality/scene/id/98-we_think_were_in_love?a=5bc62289ccff3e6ec01c0b11,XoxyQ,"We Think We're in Love",https://rest.s3for.me/s3.stasyqvr.com/images/98/529_cover.jpg,590,"<iframe src=""https://www.stasyqvr.com/embed/video/id/98?a=5bc62289ccff3e6ec01c0b11"" width=""320"" height=""240""></iframe>",-
https://www.stasyqvr.com/virtualreality/scene/id/99-sexy_mystery?a=5bc62289ccff3e6ec01c0b11,AbbyQ,"Sexy Mystery",https://rest.s3for.me/s3.stasyqvr.com/images/99/543_cover.jpg,553,"<iframe src=""https://www.stasyqvr.com/embed/video/id/99?a=5bc62289ccff3e6ec01c0b11"" width=""320"" height=""240""></iframe>",-
https://www.stasyqvr.com/virtualreality/scene/id/100-stunning_starlet?a=5bc62289ccff3e6ec01c0b11,DazyQ,"Stunning Starlet",https://rest.s3for.me/s3.stasyqvr.com/images/100/544_cover.jpg,477,"<iframe src=""https://www.stasyqvr.com/embed/video/id/100?a=5bc62289ccff3e6ec01c0b11"" width=""320"" height=""240""></iframe>",-
https://www.stasyqvr.com/virtualreality/scene/id/101-heels_ass?a=5bc62289ccff3e6ec01c0b11,AbbyQ,"Heels & Ass",https://rest.s3for.me/s3.stasyqvr.com/images/101/557_cover.jpg,501,"<iframe src=""https://www.stasyqvr.com/embed/video/id/101?a=5bc62289ccff3e6ec01c0b11"" width=""320"" height=""240""></iframe>",-
https://www.stasyqvr.com/virtualreality/scene/id/102-i_dream_of_dazy?a=5bc62289ccff3e6ec01c0b11,DazyQ,"I Dream of Dazy",https://rest.s3for.me/s3.stasyqvr.com/images/102/562_cover.jpg,567,"<iframe src=""https://www.stasyqvr.com/embed/video/id/102?a=5bc62289ccff3e6ec01c0b11"" width=""320"" height=""240""></iframe>",-
https://www.stasyqvr.com/virtualreality/scene/id/103-babe_interrupted?a=5bc62289ccff3e6ec01c0b11,ForyQ,"Babe, Interrupted",https://rest.s3for.me/s3.stasyqvr.com/images/103/568_cover.jpg,606,"<iframe src=""https://www.stasyqvr.com/embed/video/id/103?a=5bc62289ccff3e6ec01c0b11"" width=""320"" height=""240""></iframe>",-
https://www.stasyqvr.com/virtualreality/scene/id/104-shadow_dancer?a=5bc62289ccff3e6ec01c0b11,ForyQ,"Shadow Dancer",https://rest.s3for.me/s3.stasyqvr.com/images/104/569_cover.jpg,544,"<iframe src=""https://www.stasyqvr.com/embed/video/id/104?a=5bc62289ccff3e6ec01c0b11"" width=""320"" height=""240""></iframe>",-
https://www.stasyqvr.com/virtualreality/scene/id/105-like_a_fine_wine?a=5bc62289ccff3e6ec01c0b11,FridayQ,"Like a Fine Wine",https://rest.s3for.me/s3.stasyqvr.com/images/105/574_cover.jpg,609,"<iframe src=""https://www.stasyqvr.com/embed/video/id/105?a=5bc62289ccff3e6ec01c0b11"" width=""320"" height=""240""></iframe>",-
https://www.stasyqvr.com/virtualreality/scene/id/106-hide_and_go_peek?a=5bc62289ccff3e6ec01c0b11,FridayQ,"Hide and Go Peek",https://rest.s3for.me/s3.stasyqvr.com/images/106/579_cover.jpg,655,"<iframe src=""https://www.stasyqvr.com/embed/video/id/106?a=5bc62289ccff3e6ec01c0b11"" width=""320"" height=""240""></iframe>",-
https://www.stasyqvr.com/virtualreality/scene/id/107-curves_and_ink?a=5bc62289ccff3e6ec01c0b11,LessyQ,"Curves and Ink",https://rest.s3for.me/s3.stasyqvr.com/images/107/588_cover.jpg,667,"<iframe src=""https://www.stasyqvr.com/embed/video/id/107?a=5bc62289ccff3e6ec01c0b11"" width=""320"" height=""240""></iframe>",-
https://www.stasyqvr.com/virtualreality/scene/id/108-racy_lacey_lessyq?a=5bc62289ccff3e6ec01c0b11,LessyQ,"Racy Lacey LessyQ",https://rest.s3for.me/s3.stasyqvr.com/images/108/589_cover.jpg,558,"<iframe src=""https://www.stasyqvr.com/embed/video/id/108?a=5bc62289ccff3e6ec01c0b11"" width=""320"" height=""240""></iframe>",-
https://www.stasyqvr.com/virtualreality/scene/id/109-red_and_blue_you_away?a=5bc62289ccff3e6ec01c0b11,LaninaQ,"Red and Blue You Away",https://rest.s3for.me/s3.stasyqvr.com/images/109/594_cover.jpg,612,"<iframe src=""https://www.stasyqvr.com/embed/video/id/109?a=5bc62289ccff3e6ec01c0b11"" width=""320"" height=""240""></iframe>",-
https://www.stasyqvr.com/virtualreality/scene/id/110-beauty_in_black?a=5bc62289ccff3e6ec01c0b11,LaninaQ,"Beauty in Black",https://rest.s3for.me/s3.stasyqvr.com/images/110/599_cover.jpg,593,"<iframe src=""https://www.stasyqvr.com/embed/video/id/110?a=5bc62289ccff3e6ec01c0b11"" width=""320"" height=""240""></iframe>",-
https://www.stasyqvr.com/virtualreality/scene/id/111-silver_in_silver?a=5bc62289ccff3e6ec01c0b11,"Liya Silver","Silver in Silver",https://rest.s3for.me/s3.stasyqvr.com/images/111/609_cover.jpg,603,"<iframe src=""https://www.stasyqvr.com/embed/video/id/111?a=5bc62289ccff3e6ec01c0b11"" width=""320"" height=""240""></iframe>",-
https://www.stasyqvr.com/virtualreality/scene/id/112-not_so_pure?a=5bc62289ccff3e6ec01c0b11,"Liya Silver","Not So Pure",https://rest.s3for.me/s3.stasyqvr.com/images/112/614_cover.jpg,567,"<iframe src=""https://www.stasyqvr.com/embed/video/id/112?a=5bc62289ccff3e6ec01c0b11"" width=""320"" height=""240""></iframe>",-
https://www.stasyqvr.com/virtualreality/scene/id/113-rise_and_shine?a=5bc62289ccff3e6ec01c0b11,AbbyQ,"Rise and Shine",https://rest.s3for.me/s3.stasyqvr.com/images/113/619_cover.jpg,865,"<iframe src=""https://www.stasyqvr.com/embed/video/id/113?a=5bc62289ccff3e6ec01c0b11"" width=""320"" height=""240""></iframe>",-
https://www.stasyqvr.com/virtualreality/scene/id/114-bombshell_in_bed?a=5bc62289ccff3e6ec01c0b11,AbbyQ,"Bombshell in Bed",https://rest.s3for.me/s3.stasyqvr.com/images/114/624_cover.jpg,965,"<iframe src=""https://www.stasyqvr.com/embed/video/id/114?a=5bc62289ccff3e6ec01c0b11"" width=""320"" height=""240""></iframe>",-
https://www.stasyqvr.com/virtualreality/scene/id/115-morning_routine?a=5bc62289ccff3e6ec01c0b11,StellaQ,"Morning Routine",https://rest.s3for.me/s3.stasyqvr.com/images/115/629_cover.jpg,608,"<iframe src=""https://www.stasyqvr.com/embed/video/id/115?a=5bc62289ccff3e6ec01c0b11"" width=""320"" height=""240""></iframe>",-
https://www.stasyqvr.com/virtualreality/scene/id/116-naughty_naughty_schoolgirl?a=5bc62289ccff3e6ec01c0b11,KisaQ,"Naughty, Naughty Schoolgirl",https://rest.s3for.me/s3.stasyqvr.com/images/116/635_cover.jpg,693,"<iframe src=""https://www.stasyqvr.com/embed/video/id/116?a=5bc62289ccff3e6ec01c0b11"" width=""320"" height=""240""></iframe>",-
https://www.stasyqvr.com/virtualreality/scene/id/117-little_black_dress?a=5bc62289ccff3e6ec01c0b11,KimmyQ,"Little Black Dress",https://rest.s3for.me/s3.stasyqvr.com/images/117/640_cover.jpg,974,"<iframe src=""https://www.stasyqvr.com/embed/video/id/117?a=5bc62289ccff3e6ec01c0b11"" width=""320"" height=""240""></iframe>",-
https://www.stasyqvr.com/virtualreality/scene/id/118-pure_seduction?a=5bc62289ccff3e6ec01c0b11,LessyQ,"Pure Seduction",https://rest.s3for.me/s3.stasyqvr.com/images/118/641_cover.jpg,800,"<iframe src=""https://www.stasyqvr.com/embed/video/id/118?a=5bc62289ccff3e6ec01c0b11"" width=""320"" height=""240""></iframe>",-
https://www.stasyqvr.com/virtualreality/scene/id/119-bathrobe_beauty?a=5bc62289ccff3e6ec01c0b11,LunyQ,"Bathrobe Beauty",https://rest.s3for.me/s3.stasyqvr.com/images/119/646_cover.jpg,522,"<iframe src=""https://www.stasyqvr.com/embed/video/id/119?a=5bc62289ccff3e6ec01c0b11"" width=""320"" height=""240""></iframe>",-
https://www.stasyqvr.com/virtualreality/scene/id/120-simple_pleasures?a=5bc62289ccff3e6ec01c0b11,KisaQ,"Simple Pleasures",https://rest.s3for.me/s3.stasyqvr.com/images/120/651_cover.jpg,745,"<iframe src=""https://www.stasyqvr.com/embed/video/id/120?a=5bc62289ccff3e6ec01c0b11"" width=""320"" height=""240""></iframe>",-
https://www.stasyqvr.com/virtualreality/scene/id/121-24k_gold?a=5bc62289ccff3e6ec01c0b11,"Melena Maria Rya","24K Gold",https://rest.s3for.me/s3.stasyqvr.com/images/121/656_cover.jpg,745,"<iframe src=""https://www.stasyqvr.com/embed/video/id/121?a=5bc62289ccff3e6ec01c0b11"" width=""320"" height=""240""></iframe>",-
https://www.stasyqvr.com/virtualreality/scene/id/122-bath_time_is_play_time?a=5bc62289ccff3e6ec01c0b11,"LessyQ, MartyQ","Bath Time is Play Time!",https://rest.s3for.me/s3.stasyqvr.com/images/122/665_cover.jpg,712,"<iframe src=""https://www.stasyqvr.com/embed/video/id/122?a=5bc62289ccff3e6ec01c0b11"" width=""320"" height=""240""></iframe>",-
https://www.stasyqvr.com/virtualreality/scene/id/123-glitter_bomb_shell?a=5bc62289ccff3e6ec01c0b11,SantorinyQ,"Glitter Bomb(shell)",https://rest.s3for.me/s3.stasyqvr.com/images/123/666_cover.jpg,741,"<iframe src=""https://www.stasyqvr.com/embed/video/id/123?a=5bc62289ccff3e6ec01c0b11"" width=""320"" height=""240""></iframe>",-
https://www.stasyqvr.com/virtualreality/scene/id/124-santas_naughty_list?a=5bc62289ccff3e6ec01c0b11,AsyaQ,"Santa's Naughty List",https://rest.s3for.me/s3.stasyqvr.com/images/124/671_cover.jpg,681,"<iframe src=""https://www.stasyqvr.com/embed/video/id/124?a=5bc62289ccff3e6ec01c0b11"" width=""320"" height=""240""></iframe>",-
https://www.stasyqvr.com/virtualreality/scene/id/125-the_red_suit_diaries?a=5bc62289ccff3e6ec01c0b11,LunyQ,"The Red Suit Diaries",https://rest.s3for.me/s3.stasyqvr.com/images/125/676_cover.jpg,696,"<iframe src=""https://www.stasyqvr.com/embed/video/id/125?a=5bc62289ccff3e6ec01c0b11"" width=""320"" height=""240""></iframe>",-
https://www.stasyqvr.com/virtualreality/scene/id/127-sleeping_beauty?a=5bc62289ccff3e6ec01c0b11,KimmyQ,"Sleeping Beauty",https://rest.s3for.me/s3.stasyqvr.com/images/127/686_cover.jpg,825,"<iframe src=""https://www.stasyqvr.com/embed/video/id/127?a=5bc62289ccff3e6ec01c0b11"" width=""320"" height=""240""></iframe>",-
https://www.stasyqvr.com/virtualreality/scene/id/128-nothing_like_a_nap?a=5bc62289ccff3e6ec01c0b11,KisaQ,"Nothing Like a Nap",https://rest.s3for.me/s3.stasyqvr.com/images/128/695_cover.jpg,635,"<iframe src=""https://www.stasyqvr.com/embed/video/id/128?a=5bc62289ccff3e6ec01c0b11"" width=""320"" height=""240""></iframe>",-
https://www.stasyqvr.com/virtualreality/scene/id/129-tight_jeans_tighter_body?a=5bc62289ccff3e6ec01c0b11,AnellaQ,"Tight Jeans, Tighter Body",https://rest.s3for.me/s3.stasyqvr.com/images/129/700_cover.jpg,651,"<iframe src=""https://www.stasyqvr.com/embed/video/id/129?a=5bc62289ccff3e6ec01c0b11"" width=""320"" height=""240""></iframe>",-
https://www.stasyqvr.com/virtualreality/scene/id/130-young_goddess?a=5bc62289ccff3e6ec01c0b11,MaryQ,"Young Goddess",https://rest.s3for.me/s3.stasyqvr.com/images/130/701_cover.jpg,889,"<iframe src=""https://www.stasyqvr.com/embed/video/id/130?a=5bc62289ccff3e6ec01c0b11"" width=""320"" height=""240""></iframe>",-
https://www.stasyqvr.com/virtualreality/scene/id/131-lingerie_obsession?a=5bc62289ccff3e6ec01c0b11,"Melena Maria Rya","Lingerie Obsession",https://rest.s3for.me/s3.stasyqvr.com/images/131/706_cover.jpg,886,"<iframe src=""https://www.stasyqvr.com/embed/video/id/131?a=5bc62289ccff3e6ec01c0b11"" width=""320"" height=""240""></iframe>",-
