SceneURL,Pornstars,Title,ThumbURL,"Duration (sec)",iFrame,Tags
https://vrconk.com/virtualreality/scene/id/16-blondes_double_blowjob?a=5bc62289ccff3e6ec01c0b11,-,"Blondes Double Blowjob",https://rest.s3for.me/s3.vrconk.com/images/16/76_cover.jpg,684,"<iframe src=""https://vrconk.com/embed/video/id/16?a=5bc62289ccff3e6ec01c0b11"" width=""320"" height=""240""></iframe>","180 VR Porn, Bisexual, Blonde, Blowjob, Jerking Off, POV Fucking, Skirt, Small Tits, Stockings, Threesome, Threesome FFM, Tits Fucking, Titsjob, VR Porn, VRConk, Virtual Reality Porn, XXX VR Porn, XXXsex VR"
https://vrconk.com/virtualreality/scene/id/17-ballerinas_first_threesome?a=5bc62289ccff3e6ec01c0b11,-,"Ballerina's First Threesome",https://rest.s3for.me/s3.vrconk.com/images/17/81_cover.jpg,814,"<iframe src=""https://vrconk.com/embed/video/id/17?a=5bc62289ccff3e6ec01c0b11"" width=""320"" height=""240""></iframe>","180 VR Porn, Ballerina, Bed Fucking, Bisexual, Blonde, Blowjob, Fake Boobs, Jerking Off, POV Fucking, Small Tits, Stockings, Threesome, Uniform, VR Porn, VRConk, Virtual Reality Porn, XXX VR Porn, XXXsex VR"
https://vrconk.com/virtualreality/scene/id/18-blonde_riders?a=5bc62289ccff3e6ec01c0b11,-,"Blonde Riders",https://rest.s3for.me/s3.vrconk.com/images/18/86_cover.jpg,962,"<iframe src=""https://vrconk.com/embed/video/id/18?a=5bc62289ccff3e6ec01c0b11"" width=""320"" height=""240""></iframe>","180 VR Porn, Bisexual, Blonde, Blowjob, Cowgirl, Fake Boobs, POV Fucking, Riding, Small Tits, Stockings, Threesome, VR Porn, VRConk, Virtual Reality Porn, XXX VR Porn, XXXsex VR"
https://vrconk.com/virtualreality/scene/id/20-your_cock_is_her_tip?a=5bc62289ccff3e6ec01c0b11,"Miss K","Your Cock Is Her Tip",https://rest.s3for.me/s3.vrconk.com/images/20/394_cover.jpg,1079,"<iframe src=""https://vrconk.com/embed/video/id/20?a=5bc62289ccff3e6ec01c0b11"" width=""320"" height=""240""></iframe>","180 VR Porn, Amateur, Blowjob, Brunette, Cowgirl, Housekeeper, Maid, Model Miss K, POV View, Riding, Stockings, Uniform, VR Porn, VRConk, Virtual Reality Porn, XXX VR Porn, XXXsex VR"
https://vrconk.com/virtualreality/scene/id/21-shower_after_fuck?a=5bc62289ccff3e6ec01c0b11,"Miss K","Shower After Fuck",https://rest.s3for.me/s3.vrconk.com/images/21/393_cover.jpg,632,"<iframe src=""https://vrconk.com/embed/video/id/21?a=5bc62289ccff3e6ec01c0b11"" width=""320"" height=""240""></iframe>","180 VR Porn, Amateur, Big Boobs, Blowjob, Brunette, Fingering, Full VR Porn Movie, Masturbation, Model Miss K, POV Fucking, Shower, Tits Fucking, Titsjob, VR Porn, VRConk, Virtual Reality Porn"
https://vrconk.com/virtualreality/scene/id/24-fedsex?a=5bc62289ccff3e6ec01c0b11,"Krystal Swift",FedSex,https://rest.s3for.me/s3.vrconk.com/images/24/391_cover.jpg,3126,"<iframe src=""https://vrconk.com/embed/video/id/24?a=5bc62289ccff3e6ec01c0b11"" width=""320"" height=""240""></iframe>","180 VR Porn, BBW Beauties, Big Boobs, Blonde, Blowjob, Chubby, Cowgirl, Cumshots, Doggy Style, Krystal Swift, POV View, Riding, Shower, Titsjob, VRConk, XXXsex VR"
https://vrconk.com/virtualreality/scene/id/26-lesbian_office?a=5bc62289ccff3e6ec01c0b11,"Jennifer Mendez, Krystal Swift","Lesbian Office",https://rest.s3for.me/s3.vrconk.com/images/26/388_cover.jpg,2127,"<iframe src=""https://vrconk.com/embed/video/id/26?a=5bc62289ccff3e6ec01c0b11"" width=""320"" height=""240""></iframe>","180 VR Porn, Big Ass, Big Boobs, Blonde, Brunette, Dildo, Jennifer Mendez, Krystal Swift, Office, Pussy Licking, Toys, VR Porn, VRConk, Virtual Reality Porn"
https://vrconk.com/virtualreality/scene/id/27-she_will_be_yours?a=5bc62289ccff3e6ec01c0b11,"Jennifer Mendez, Krystal Swift","She Will Be Yours",https://rest.s3for.me/s3.vrconk.com/images/27/387_cover.jpg,2279,"<iframe src=""https://vrconk.com/embed/video/id/27?a=5bc62289ccff3e6ec01c0b11"" width=""320"" height=""240""></iframe>","180 VR Porn, BBW Beauties, Big Boobs, Bisexual, Blonde, Brunette, Chubby, Cowgirl, Cumshots, Fingering, Jennifer Mendez, Jerking, Krystal Swift, POV Fucking, Threesome, Threesome FFM, VR Porn, VRConk, Virtual Reality Porn"
https://vrconk.com/virtualreality/scene/id/28-handy_mandy?a=5bc62289ccff3e6ec01c0b11,"Krystal Swift","Handy Mandy",https://rest.s3for.me/s3.vrconk.com/images/28/386_cover.jpg,906,"<iframe src=""https://vrconk.com/embed/video/id/28?a=5bc62289ccff3e6ec01c0b11"" width=""320"" height=""240""></iframe>","180 VR Porn, Big Boobs, Blonde, Curvy Woman, Handjob, Huge Jugs, Jerking, Krystal Swift, POV Handjob, VR Porn, VRConk, Virtual Reality Porn"
https://vrconk.com/virtualreality/scene/id/29-fucking_real_estate_agent?a=5bc62289ccff3e6ec01c0b11,"Jennifer Mendez","Fucking Real Estate Agent",https://rest.s3for.me/s3.vrconk.com/images/29/385_cover.jpg,2078,"<iframe src=""https://vrconk.com/embed/video/id/29?a=5bc62289ccff3e6ec01c0b11"" width=""320"" height=""240""></iframe>","180 VR Porn, Big Ass, Blowjob, Brunette, Cowgirl, Cumshots, Estate Agent, Fingering, Fishnets, Jennifer Mendez, POV Fucking, Riding, Uniform, VR Porn, VRConk, Virtual Reality Porn"
https://vrconk.com/virtualreality/scene/id/30-job_brake?a=5bc62289ccff3e6ec01c0b11,"Jennifer Mendez","Job Brake",https://rest.s3for.me/s3.vrconk.com/images/30/384_cover.jpg,879,"<iframe src=""https://vrconk.com/embed/video/id/30?a=5bc62289ccff3e6ec01c0b11"" width=""320"" height=""240""></iframe>","180 VR Porn, Big Ass, Big Boobs, Brunette, Fingering, Fishnets, Jennifer Mendez, Masturbation, Solo Scene, Toys, VR Porn, VRConk, Virtual Reality Porn"
https://vrconk.com/virtualreality/scene/id/31-lesbian_forklift?a=5bc62289ccff3e6ec01c0b11,"Jennifer Mendez, Krystal Swift","Lesbian Forklift",https://rest.s3for.me/s3.vrconk.com/images/31/383_cover.jpg,916,"<iframe src=""https://vrconk.com/embed/video/id/31?a=5bc62289ccff3e6ec01c0b11"" width=""320"" height=""240""></iframe>","180 VR Porn, Big Ass, Big Boobs, Blonde, Brunette, Chubby, Dildo, Fingering, Jennifer Mendez, Krystal Swift, Lesbian, Masturbation, Pussy Licking, Toys, VR Porn, VRConk, Virtual Reality Porn"
https://vrconk.com/virtualreality/scene/id/32-sweet_jacuzzi?a=5bc62289ccff3e6ec01c0b11,"Jennifer Mendez, Krystal Swift","Sweet Jacuzzi",https://rest.s3for.me/s3.vrconk.com/images/32/382_cover.jpg,1035,"<iframe src=""https://vrconk.com/embed/video/id/32?a=5bc62289ccff3e6ec01c0b11"" width=""320"" height=""240""></iframe>","180 VR Porn, Bath, Big Ass, Big Boobs, Blonde, Brunette, Fingering, Foam, Jacuzzi, Jennifer Mendez, Krystal Swift, Lesbian, Lesbian VR Porn, Pussy Licking, VR Porn, VRConk, Virtual Reality Porn"
https://vrconk.com/virtualreality/scene/id/33-loud_fuck_in_the_silent_night?a=5bc62289ccff3e6ec01c0b11,"Foxy Sanie","Loud Fuck In The Silent Night",https://rest.s3for.me/s3.vrconk.com/images/33/381_cover.jpg,2838,"<iframe src=""https://vrconk.com/embed/video/id/33?a=5bc62289ccff3e6ec01c0b11"" width=""320"" height=""240""></iframe>","180 VR Porn, Blowjob, Cowgirl, Cumshots, Doggy Style, Foxy Sanie, Missionary, POV Fucking, Redhead, Riding, Small Tits, Tattooed, VR Porn, VRConk, Virtual Reality Porn"
https://vrconk.com/virtualreality/scene/id/34-blowjob_and_cocaine?a=5bc62289ccff3e6ec01c0b11,"Nikky Dream","Blowjob And Cocaine",https://rest.s3for.me/s3.vrconk.com/images/34/166_cover.jpg,730,"<iframe src=""https://vrconk.com/embed/video/id/34?a=5bc62289ccff3e6ec01c0b11"" width=""320"" height=""240""></iframe>","180 VR Porn, Blowjob, Tits Fucking, Titsjob, VR Porn, VRConk, Virtual Reality Porn, XXX VR Porn"
https://vrconk.com/virtualreality/scene/id/35-elves_wish_you_a_merry_christmas?a=5bc62289ccff3e6ec01c0b11,"Karol Lilien, Lovita Fate","Elves Wish You A Merry Christmas",https://rest.s3for.me/s3.vrconk.com/images/35/380_cover.jpg,3131,"<iframe src=""https://vrconk.com/embed/video/id/35?a=5bc62289ccff3e6ec01c0b11"" width=""320"" height=""240""></iframe>","180 VR Porn, Big Boobs, Bisexual, Blonde, Blowjob, Christmas, Cosplay, Cowgirl, Doggy Style, Elves Uniform, Fingering, Karol Lilien, Lovita Fate, Missionary, POV Fucking, Riding, Small Tits, Threesome, Threesome FFM, Two Girls, VR Porn, VRConk, Virtual Reality Porn"
https://vrconk.com/virtualreality/scene/id/36-santa_conk_is_coming_to_town?a=5bc62289ccff3e6ec01c0b11,"Darce Lee, Foxy Sanie, Karol Lilien, Krystal Swift, Lovita Fate, Nikky Dream","Santa Conk Is Coming To Town",https://rest.s3for.me/s3.vrconk.com/images/36/379_cover.jpg,5153,"<iframe src=""https://vrconk.com/embed/video/id/36?a=5bc62289ccff3e6ec01c0b11"" width=""320"" height=""240""></iframe>","180 VR Porn, Big Boobs, Bisexual, Blonde, Blowjob, Brunette, Cowgirl, Darcia Lee, Doggy Style, Foxy Sanie, Group Sex, Jerking, Karol Lilien, Krystal Swift, Lovita Fate, Nikky Dream, Orgy, POV Fucking, Pussy Licking, Redhead, Riding, Small Tits, Titsjob, VR Porn, VRConk, Virtual Reality Porn"
https://vrconk.com/virtualreality/scene/id/37-practicing_before_a_date_with_you?a=5bc62289ccff3e6ec01c0b11,"Karol Lilien","Practicing Before A Date With You",https://rest.s3for.me/s3.vrconk.com/images/37/378_cover.jpg,951,"<iframe src=""https://vrconk.com/embed/video/id/37?a=5bc62289ccff3e6ec01c0b11"" width=""320"" height=""240""></iframe>","180 VR Porn, Big Boobs, Blonde, Blowjob, Cowgirl, Karol Lilien, Masturbation, Mature, POV Fucking, Toys, VR Porn, VRConk, Virtual Reality Porn"
https://vrconk.com/virtualreality/scene/id/38-when_you_wake_up_in_the_morning?a=5bc62289ccff3e6ec01c0b11,"Darce Lee","When You Wake Up In The Morning",https://rest.s3for.me/s3.vrconk.com/images/38/377_cover.jpg,893,"<iframe src=""https://vrconk.com/embed/video/id/38?a=5bc62289ccff3e6ec01c0b11"" width=""320"" height=""240""></iframe>","180 VR Porn, Blowjob, Brunette, Cock Sucking, Cumshots, Darce Lee, Deepthroat, Jerking, Licking, Mouth Shot, POV Fucking, Small Tits, VR Porn, VRConk, Virtual Reality Porn"
https://vrconk.com/virtualreality/scene/id/39-blow_shower?a=5bc62289ccff3e6ec01c0b11,"Lovita Fate","Blow Shower",https://rest.s3for.me/s3.vrconk.com/images/39/376_cover.jpg,837,"<iframe src=""https://vrconk.com/embed/video/id/39?a=5bc62289ccff3e6ec01c0b11"" width=""320"" height=""240""></iframe>","180 VR Porn, Blonde, Blowjob, Cumshots, Jerking, Licking, Lovita Fate, POV Fucking, Petite, Shower, Small Tits, Sucking, Tiny Blonde, VR Porn, VRConk, Virtual Reality Porn, Wet Babe"
https://vrconk.com/virtualreality/scene/id/40-from_nikky_with_love?a=5bc62289ccff3e6ec01c0b11,"Nikky Dream","From Nikky With Love",https://rest.s3for.me/s3.vrconk.com/images/40/375_cover.jpg,1464,"<iframe src=""https://vrconk.com/embed/video/id/40?a=5bc62289ccff3e6ec01c0b11"" width=""320"" height=""240""></iframe>","180 VR Porn, Big Boobs, Blonde, Blowjob, Cowgirl, Fingering, Masturbation, Nikky Dream, POV Fucking, Riding, Stockings, Toys, VR Porn, VRConk, Virtual Reality Porn"
https://vrconk.com/virtualreality/scene/id/41-yoo_hoo_its_breakfast?a=5bc62289ccff3e6ec01c0b11,"Karol Lilien","Yoo Hoo It's Breakfast",https://rest.s3for.me/s3.vrconk.com/images/41/374_cover.jpg,888,"<iframe src=""https://vrconk.com/embed/video/id/41?a=5bc62289ccff3e6ec01c0b11"" width=""320"" height=""240""></iframe>","180 VR Porn, Babe, Big Boobs, Blonde, Blowjob, Cumshots, Jerking, Karol Lilien, POV Fucking, Sucking, VR Porn, VRConk, Virtual Reality Porn"
https://vrconk.com/virtualreality/scene/id/42-captain_cock_arrow?a=5bc62289ccff3e6ec01c0b11,"Darce Lee, Foxy Sanie","Captain Cock Arrow",https://rest.s3for.me/s3.vrconk.com/images/42/373_cover.jpg,2361,"<iframe src=""https://vrconk.com/embed/video/id/42?a=5bc62289ccff3e6ec01c0b11"" width=""320"" height=""240""></iframe>","180 VR Porn, Bisexual, Blowjob, Brunette, Cosplay, Cumshots, Darcia Lee, Doggy Style, Foxy Sanie, Masturbation, Missionary, POV Fucking, Pirates, Pussy Licking, Redhead, Small Tits, Squirting, Tattooed, Threesome, Threesome FFM, Uniform, VR Porn, VRConk, Virtual Reality Porn, XXX Parody"
https://vrconk.com/virtualreality/scene/id/43-welcome_to_the_neighborhood?a=5bc62289ccff3e6ec01c0b11,"Krystal Swift, Nikky Dream","Welcome To The Neighborhood",https://rest.s3for.me/s3.vrconk.com/images/43/372_cover.jpg,2732,"<iframe src=""https://vrconk.com/embed/video/id/43?a=5bc62289ccff3e6ec01c0b11"" width=""320"" height=""240""></iframe>","180 VR Porn, Big Boobs, Bisexual, Blonde, Blowjob, Cowgirl, Cumshots, Karol Lilien, Krystal Swift, Masturbation, POV Fucking, Pussy Licking, Riding, Threesome, Threesome FFM, Tits Fucking, Titsjob, VR Porn, VRConk, Virtual Reality Porn"
https://vrconk.com/virtualreality/scene/id/44-lamour_toujours?a=5bc62289ccff3e6ec01c0b11,"Valentina Ricci","L'amour Toujours",https://rest.s3for.me/s3.vrconk.com/images/44/371_cover.jpg,2685,"<iframe src=""https://vrconk.com/embed/video/id/44?a=5bc62289ccff3e6ec01c0b11"" width=""320"" height=""240""></iframe>","180 VR Porn, Big Boobs, Blowjob, Brunette, Cowgirl, Cumshots, Doggy Style, Fingering, Jerking, MILF, Mature, POV Fucking, Riding, Stockings, VRConk, Valentina Ricci, Virtual Reality Porn"
https://vrconk.com/virtualreality/scene/id/45-missing_your_cock?a=5bc62289ccff3e6ec01c0b11,"Foxy Sanie","Missing Your Cock",https://rest.s3for.me/s3.vrconk.com/images/45/370_cover.jpg,875,"<iframe src=""https://vrconk.com/embed/video/id/45?a=5bc62289ccff3e6ec01c0b11"" width=""320"" height=""240""></iframe>","180 VR Porn, Blowjob, Christmas Costume, Cowgirl, Fishnets, Foxy Sanie, POV Fucking, Redhead, Riding, Small Tits, Stockings, Toys, VR Porn, VRConk, Virtual Reality Porn"
https://vrconk.com/virtualreality/scene/id/46-19_years_old_hunger_for_the_money?a=5bc62289ccff3e6ec01c0b11,"Rebecca Black","19 Years Old Hunger For The Money",https://rest.s3for.me/s3.vrconk.com/images/46/369_cover.jpg,2843,"<iframe src=""https://vrconk.com/embed/video/id/46?a=5bc62289ccff3e6ec01c0b11"" width=""320"" height=""240""></iframe>","180 VR Porn, Anal Fingering, Blonde, Blowjob, Cowgirl, Cumshots, Doggy Style, POV Fucking, Rebecca Black, Riding, Small Tits, VR Porn, VRConk, Virtual Reality Porn"
https://vrconk.com/virtualreality/scene/id/47-ich_bin_feministin?a=5bc62289ccff3e6ec01c0b11,"Nikky Dream","Ich Bin Feministin",https://rest.s3for.me/s3.vrconk.com/images/47/368_cover.jpg,1079,"<iframe src=""https://vrconk.com/embed/video/id/47?a=5bc62289ccff3e6ec01c0b11"" width=""320"" height=""240""></iframe>","180 VR Porn, Babe, Big Boobs, Blonde, Blowjob, Cock Sucking, Cumshots, Jerking, Nikky Dream, POV Cock Sucking, POV Jerking, VRConk, Virtual Reality Porn"
https://vrconk.com/virtualreality/scene/id/48-metoo?a=5bc62289ccff3e6ec01c0b11,"Vinna Reed",Metoo,https://rest.s3for.me/s3.vrconk.com/images/48/367_cover.jpg,2880,"<iframe src=""https://vrconk.com/embed/video/id/48?a=5bc62289ccff3e6ec01c0b11"" width=""320"" height=""240""></iframe>","180 VR Porn, Blowjob, Brunette, Cumshots, Dildo, Doggy Style, Fingering, Masturbation, Missionary, POV Fucking, Riding, Small Tits, Stockings, Toys, VR Porn, VRConk, Vinna Reed, Virtual Reality Porn"
https://vrconk.com/virtualreality/scene/id/49-misunderstanding_with_happy_ending?a=5bc62289ccff3e6ec01c0b11,"Valentina Ricci","Misunderstanding with Happy Ending",https://rest.s3for.me/s3.vrconk.com/images/49/366_cover.jpg,2833,"<iframe src=""https://vrconk.com/embed/video/id/49?a=5bc62289ccff3e6ec01c0b11"" width=""320"" height=""240""></iframe>","180 VR Porn, Big Boobs, Blowjob, Brunette, Cowgirl, Cumshots, Doggy Style, Fetish, Fingering, MILF, Missionary, POV Fucking, Riding, Stockings, VR Porn, VRConk, Valentina Ricci, Virtual Reality Porn"
https://vrconk.com/virtualreality/scene/id/50-get_laid_in_the_wonderland?a=5bc62289ccff3e6ec01c0b11,"Darce Lee, Lovita Fate","Get Laid In The Wonderland",https://rest.s3for.me/s3.vrconk.com/images/50/365_cover.jpg,2649,"<iframe src=""https://vrconk.com/embed/video/id/50?a=5bc62289ccff3e6ec01c0b11"" width=""320"" height=""240""></iframe>","Alice in Wonderland VR Porn, Alice in Wonderland XXX Parody, Blonde, Blowjob, Brunette, Cosplay, Costume, Cowgirl, Darce Lee, Doggy Style, Lovita Fate, Missionary, POV Fucking, Pussy Licking, Riding, Small Tits, Threesome FFM, VRConk, XXX Parody, XXX Parody VR Porn"
https://vrconk.com/virtualreality/scene/id/51-digital_sex_with_girlfriend?a=5bc62289ccff3e6ec01c0b11,"Lovita Fate","Digital Sex With Girlfriend",https://rest.s3for.me/s3.vrconk.com/images/51/364_cover.jpg,897,"<iframe src=""https://vrconk.com/embed/video/id/51?a=5bc62289ccff3e6ec01c0b11"" width=""320"" height=""240""></iframe>","180 VR Porn, Blonde, Blowjob, Cowgirl, Lovita Fate, Masturbation, Riding, Small Tits, Stockings, Tiny Babe, Toys, VR Porn, VRConk, Virtual Reality Porn"
https://vrconk.com/virtualreality/scene/id/52-whistle_for_bj?a=5bc62289ccff3e6ec01c0b11,"Antonia Sainz","Whistle For BJ",https://rest.s3for.me/s3.vrconk.com/images/52/363_cover.jpg,1180,"<iframe src=""https://vrconk.com/embed/video/id/52?a=5bc62289ccff3e6ec01c0b11"" width=""320"" height=""240""></iframe>","180 VR Porn, Antonia Sainz, Big Boobs, Blowjob, Cock Sucking, Cocksucker, Cumshots, Jerking, POV Blowjob, Redhead, Titsjob, VR Porn, VRConk, Virtual Reality Porn"
https://vrconk.com/virtualreality/scene/id/53-the_cockstant_gardener?a=5bc62289ccff3e6ec01c0b11,"Blanche Bradburry","The Cockstant Gardener",https://rest.s3for.me/s3.vrconk.com/images/53/362_cover.jpg,3125,"<iframe src=""https://vrconk.com/embed/video/id/53?a=5bc62289ccff3e6ec01c0b11"" width=""320"" height=""240""></iframe>","180 VR Porn, Big Boobs, Blanche Bradburry, Blonde, Blowjob, Cowgirl, Cumshots, Hairy Pussy, Jerking, Missionary, POV Fucking, Riding, Tattooed, VR Porn, VRConk, Virtual Reality Porn"
https://vrconk.com/virtualreality/scene/id/54-quick_reminder?a=5bc62289ccff3e6ec01c0b11,"Julia Parker","Quick Reminder",https://rest.s3for.me/s3.vrconk.com/images/54/361_cover.jpg,1291,"<iframe src=""https://vrconk.com/embed/video/id/54?a=5bc62289ccff3e6ec01c0b11"" width=""320"" height=""240""></iframe>","180 VR Porn, Blonde, Blowjob, Cock Sucking, Cumshots, Jerking, Julia Parker, Licking, POV Blowjob, Small Tits, VR Porn, VRConk, Virtual Reality Porn"
https://vrconk.com/virtualreality/scene/id/55-im_in_love_with_the_coco?a=5bc62289ccff3e6ec01c0b11,"Freya Dee","I'm in Love with the Coco",https://rest.s3for.me/s3.vrconk.com/images/55/360_cover.jpg,2488,"<iframe src=""https://vrconk.com/embed/video/id/55?a=5bc62289ccff3e6ec01c0b11"" width=""320"" height=""240""></iframe>","180 VR Porn, Blowjob, Brunette, Cowgirl, Cumshots, Doggy Style, Freya Dee, Jerking, Masturbation, POV Fucking, Pigtailed, Riding, Schoolgirl, Small Tits, Teasing, Teen, Uniform, VR Porn, VRConk, Virtual Reality Porn"
https://vrconk.com/virtualreality/scene/id/56-lollipop?a=5bc62289ccff3e6ec01c0b11,"Ashley Ocean",Lollipop,https://rest.s3for.me/s3.vrconk.com/images/56/359_cover.jpg,1301,"<iframe src=""https://vrconk.com/embed/video/id/56?a=5bc62289ccff3e6ec01c0b11"" width=""320"" height=""240""></iframe>","180 VR Porn, Ashley Ocean, Brunette, Cock Sucking, Cumshots, POV Blowjob, Small Tits, Sucking, Titsjob, VR Porn, VRConk, Virtual Reality Porn"
https://vrconk.com/virtualreality/scene/id/57-addicted_for_vrconk?a=5bc62289ccff3e6ec01c0b11,"Amy Pink","Addicted For VRConk",https://rest.s3for.me/s3.vrconk.com/images/57/358_cover.jpg,2751,"<iframe src=""https://vrconk.com/embed/video/id/57?a=5bc62289ccff3e6ec01c0b11"" width=""320"" height=""240""></iframe>","180 VR Porn, Blonde, Blowjob, Cowgirl, Cumshots, Doctor, Doggy Style, Jerking, Missionary, POV Fucking, Riding, Small Tits, Stockings, Teasing, VR Porn, VRConk, Victoria Pure, Virtual Reality Porn"
https://vrconk.com/virtualreality/scene/id/58-suckflix?a=5bc62289ccff3e6ec01c0b11,"Sara Kay",Suckflix,https://rest.s3for.me/s3.vrconk.com/images/58/357_cover.jpg,1117,"<iframe src=""https://vrconk.com/embed/video/id/58?a=5bc62289ccff3e6ec01c0b11"" width=""320"" height=""240""></iframe>","180 VR Porn, Blonde, Blowjob, Cock Sucking, Dick Licking, Jerking, POV Blowjob, Sarah Kay, Small Tits, VR Porn, VRConk, Virtual Reality Porn"
https://vrconk.com/virtualreality/scene/id/59-gym_class_heroes?a=5bc62289ccff3e6ec01c0b11,"Florane Russell","Gym Class Heroes",https://rest.s3for.me/s3.vrconk.com/images/59/356_cover.jpg,3097,"<iframe src=""https://vrconk.com/embed/video/id/59?a=5bc62289ccff3e6ec01c0b11"" width=""320"" height=""240""></iframe>","180 VR Porn, Big Boobs, Blonde, Blowjob, Cowgirl, Cumshots, Doggy Style, Fingering, Florane Russell, Masturbation, POV Fucking, Riding, VR Porn, VRConk, Virtual Reality Porn"
https://vrconk.com/virtualreality/scene/id/60-remember_that_piano?a=5bc62289ccff3e6ec01c0b11,"Blanche Bradburry","Remember That Piano",https://rest.s3for.me/s3.vrconk.com/images/60/355_cover.jpg,1153,"<iframe src=""https://vrconk.com/embed/video/id/60?a=5bc62289ccff3e6ec01c0b11"" width=""320"" height=""240""></iframe>","180 VR Porn, Big Ass, Big Boobs, Blanche Bradburry, Blonde, Blowjob, Cock Sucking, Cocksucker, Fingering, Hairy Pussy, Nylon, POV Fucking, Stockings, VR Porn, VRConk, Virtual Reality Porn"
https://vrconk.com/virtualreality/scene/id/61-maid_on_cockhattan?a=5bc62289ccff3e6ec01c0b11,"Ashley Ocean","Maid On Cockhattan",https://rest.s3for.me/s3.vrconk.com/images/61/354_cover.jpg,3688,"<iframe src=""https://vrconk.com/embed/video/id/61?a=5bc62289ccff3e6ec01c0b11"" width=""320"" height=""240""></iframe>","180 VR Porn, Ashley Ocean, Blowjob, Brunette, Cowgirl, Cumshots, Doggy Style, Housekeeper, Maid, POV Fucking, Riding, Small Tits, Uniform, VR Porn, Virtual Reality Porn"
https://vrconk.com/virtualreality/scene/id/62-chubby_beauty_maid_gone_wild?a=5bc62289ccff3e6ec01c0b11,"Krystal Swift","Chubby Beauty Maid Gone Wild",https://rest.s3for.me/s3.vrconk.com/images/62/353_cover.jpg,856,"<iframe src=""https://vrconk.com/embed/video/id/62?a=5bc62289ccff3e6ec01c0b11"" width=""320"" height=""240""></iframe>","180 VR Porn, BBW Girl, Blonde, Blowjob, Chubby, Cowgirl, Krystal Swift, Masturbation, Riding, Toys, Uniform, VR Porn, VRConk, Virtual Reality Porn"
https://vrconk.com/virtualreality/scene/id/63-bye_bye_mister_american_pie?a=5bc62289ccff3e6ec01c0b11,"Nia Nacci","Bye Bye Mister American Pie",https://rest.s3for.me/s3.vrconk.com/images/63/352_cover.jpg,2331,"<iframe src=""https://vrconk.com/embed/video/id/63?a=5bc62289ccff3e6ec01c0b11"" width=""320"" height=""240""></iframe>","180 VR Porn, Big Boobs, Blowjob, Brunette, Cowgirl, Cumshots, Doggy Style, Ebony, Interracial, Masturbation, Missionary, Nia Nacci, POV Fucking, Riding, VR Porn, VRConk, Virtual Reality Porn"
https://vrconk.com/virtualreality/scene/id/64-super_blow?a=5bc62289ccff3e6ec01c0b11,"Khloe Kapri","Super Blow",https://rest.s3for.me/s3.vrconk.com/images/64/351_cover.jpg,1674,"<iframe src=""https://vrconk.com/embed/video/id/64?a=5bc62289ccff3e6ec01c0b11"" width=""320"" height=""240""></iframe>","180 VR Porn, Blonde, Cheerleader, Jerking, Khloe Kapri, POV Fucking, Pigtailed, Small Tits, Titsjob, Uniform, VR Porn, VRConk, Virtual Reality Porn"
https://vrconk.com/virtualreality/scene/id/65-pussy_condition_service?a=5bc62289ccff3e6ec01c0b11,"Maya Bijou","Pussy Condition Service",https://rest.s3for.me/s3.vrconk.com/images/65/350_cover.jpg,2136,"<iframe src=""https://vrconk.com/embed/video/id/65?a=5bc62289ccff3e6ec01c0b11"" width=""320"" height=""240""></iframe>","180 VR Porn, Blowjob, Brunette, Cowgirl, Cumshots, Doggy Style, Interracial, Jerking, Latin, Maya Bijou, Missionary, POV Fucking, Riding, Small Tits, VR Porn, VRConk, Virtual Reality Porn"
https://vrconk.com/virtualreality/scene/id/66-doctor_pressure?a=5bc62289ccff3e6ec01c0b11,"Britney Amber","Doctor Pressure",https://rest.s3for.me/s3.vrconk.com/images/66/349_cover.jpg,1399,"<iframe src=""https://vrconk.com/embed/video/id/66?a=5bc62289ccff3e6ec01c0b11"" width=""320"" height=""240""></iframe>","180 VR Porn, Big Boobs, Blowjob, Britney Amber, Brunette, Cumshots, Doctor, Jerking, Nurse, POV Blowjob, Stockings, Titsjob, Uniform, VR Porn, VRConk, Virtual Reality Porn"
https://vrconk.com/virtualreality/scene/id/67-fuck_and_furious_las_vegas_drift?a=5bc62289ccff3e6ec01c0b11,"Jasmine Grey","Fuck and Furious Las Vegas Drift",https://rest.s3for.me/s3.vrconk.com/images/67/348_cover.jpg,2815,"<iframe src=""https://vrconk.com/embed/video/id/67?a=5bc62289ccff3e6ec01c0b11"" width=""320"" height=""240""></iframe>","180 VR Porn, Asian, Blowjob, Brunette, Cowgirl, Doggy Style, Jasmine Grey, Masturbation, Missionary, POV Fucking, Petite, Riding, Small Tits, VR Porn, VRConk, Virtual Reality Porn"
https://vrconk.com/virtualreality/scene/id/68-30_year_old_virgin?a=5bc62289ccff3e6ec01c0b11,"Richelle Ryan","30 Year Old Virgin",https://rest.s3for.me/s3.vrconk.com/images/68/347_cover.jpg,1979,"<iframe src=""https://vrconk.com/embed/video/id/68?a=5bc62289ccff3e6ec01c0b11"" width=""320"" height=""240""></iframe>","180 VR Porn, Big Boobs, Blonde, Blowjob, Cumshots, Jerking, MILF, Mature, POV Fucking, Richelle Ryan, Titsjob, VR Conk, VR Porn, Virtual Reality Porn"
https://vrconk.com/virtualreality/scene/id/69-basic_instinct?a=5bc62289ccff3e6ec01c0b11,"Bridgette B.","Basic Instinct",https://rest.s3for.me/s3.vrconk.com/images/69/346_cover.jpg,2547,"<iframe src=""https://vrconk.com/embed/video/id/69?a=5bc62289ccff3e6ec01c0b11"" width=""320"" height=""240""></iframe>","180 VR Porn, Big Ass, Big Boobs, Blowjob, Bridgette B, Brunette, Cowgirl, Cumshots, MILF, Masturbation, Missionary, POV Fucking, Riding, Titsjob, VR Conk, VR Porn, Virtual Reality Porn, XXX Parody"
https://vrconk.com/virtualreality/scene/id/70-the_truman_blow?a=5bc62289ccff3e6ec01c0b11,"Febby Twigs","The Truman Blow",https://rest.s3for.me/s3.vrconk.com/images/70/409_cover.jpg,1460,"<iframe src=""https://vrconk.com/embed/video/id/70?a=5bc62289ccff3e6ec01c0b11"" width=""320"" height=""240""></iframe>","180 VR Porn, Blonde, Blowjob, Cock Sucking, Cumshots, Dick Licking, Febby Twigs, Jerking, POV Blowjob, Small Tits, VR Porn, VRConk, Virtual Reality Porn"
https://vrconk.com/virtualreality/scene/id/71-who_is_sucking_gilbert_grade?a=5bc62289ccff3e6ec01c0b11,"Hadley Mason","Who is Sucking Gilbert Grade?",https://rest.s3for.me/s3.vrconk.com/images/71/418_cover.jpg,1920,"<iframe src=""https://vrconk.com/embed/video/id/71?a=5bc62289ccff3e6ec01c0b11"" width=""320"" height=""240""></iframe>","180 VR Porn, Blowjob, Brunette, Cock Sucking, Hadley Mason, POV Blowjob, Tits Fucking, Titsjob, VR Porn, VRConk, Virtual Reality Porn"
https://vrconk.com/virtualreality/scene/id/72-young_blood?a=5bc62289ccff3e6ec01c0b11,"Ryan Keely","Young Blood",https://rest.s3for.me/s3.vrconk.com/images/72/419_cover.jpg,1898,"<iframe src=""https://vrconk.com/embed/video/id/72?a=5bc62289ccff3e6ec01c0b11"" width=""320"" height=""240""></iframe>","180 VR Porn, Big Ass, Big Boobs, Blonde, Blowjob, Cowgirl, Cumshots, Doggy Style, Jerking, MILF, Mature, Missionary, POV Fucking, Riding, Ryan Keely, Tits Fucking, Titsjob, VR Porn, VRConk, Virtual Reality Porn"
https://vrconk.com/virtualreality/scene/id/73-european_vacation?a=5bc62289ccff3e6ec01c0b11,"Amirah Adara","European Vacation",https://rest.s3for.me/s3.vrconk.com/images/73/430_cover.jpg,2270,"<iframe src=""https://vrconk.com/embed/video/id/73?a=5bc62289ccff3e6ec01c0b11"" width=""320"" height=""240""></iframe>","180 VR Porn, Amirah Adara, Anal, Blowjob, Brunette, Cowgirl, Cumshots, Doggy Style, Jerking, Masturbation, Missionary, Outdoor, POV Fucking, Riding, Small Tits, Teasing, Uniform, VR Porn, VRConk, Virtual Reality Porn"
https://vrconk.com/virtualreality/scene/id/74-lord_of_blow?a=5bc62289ccff3e6ec01c0b11,"Honey Demon","Lord of Blow",https://rest.s3for.me/s3.vrconk.com/images/74/435_cover.jpg,1484,"<iframe src=""https://vrconk.com/embed/video/id/74?a=5bc62289ccff3e6ec01c0b11"" width=""320"" height=""240""></iframe>","180 VR Porn, Big Boobs, Blowjob, Brunette, Cock Sucking, Honey Demon, Licking, Non3d, POV Blowjob, VR Porn, VRConk, Virtual Reality Porn"
https://vrconk.com/virtualreality/scene/id/75-the_nanny?a=5bc62289ccff3e6ec01c0b11,"Shalina Devine","The Nanny",https://rest.s3for.me/s3.vrconk.com/images/75/440_cover.jpg,2037,"<iframe src=""https://vrconk.com/embed/video/id/75?a=5bc62289ccff3e6ec01c0b11"" width=""320"" height=""240""></iframe>","180 VR Porn, Big Ass, Big Boobs, Blowjob, Brunette, Cowgirl, Cumshots, Doggy Style, Fingering, Mature, Missionary, POV Fucking, Riding, Shalina Devine, VR Porn, VRConk, Virtual Reality Porn"
https://vrconk.com/virtualreality/scene/id/76-eurotrip?a=5bc62289ccff3e6ec01c0b11,Nesty,EuroTrip,https://rest.s3for.me/s3.vrconk.com/images/76/441_cover.jpg,1422,"<iframe src=""https://vrconk.com/embed/video/id/76?a=5bc62289ccff3e6ec01c0b11"" width=""320"" height=""240""></iframe>","180 VR Porn, Blonde, Blowjob, Cumshots, Feet, Fetish, Fingering, Jerking, Masturbation, Nesty, POV Blowjob, Rubbing, Small Tits, Sucking, VR Porn, VRConk, Virtual Reality Porn"
https://vrconk.com/virtualreality/scene/id/77-scary_movie?a=5bc62289ccff3e6ec01c0b11,"Kyler Quinn","Scary Movie",https://rest.s3for.me/s3.vrconk.com/images/77/450_cover.jpg,2453,"<iframe src=""https://vrconk.com/embed/video/id/77?a=5bc62289ccff3e6ec01c0b11"" width=""320"" height=""240""></iframe>","180 VR Porn, Blonde, Blowjob, Cowgirl, Cumshots, Doggy Style, Feet Fucking, Footjob, Kyler Quinn, Missionary, POV Fucking, Petite, Riding, Small Tits, VR Porn, VRConk, Virtual Reality Porn, XXX Parody"
https://vrconk.com/virtualreality/scene/id/78-boyz_n_the_hood?a=5bc62289ccff3e6ec01c0b11,"September Reign","Boyz N The Hood ",https://rest.s3for.me/s3.vrconk.com/images/78/463_cover.jpg,1551,"<iframe src=""https://vrconk.com/embed/video/id/78?a=5bc62289ccff3e6ec01c0b11"" width=""320"" height=""240""></iframe>","180 VR Porn, Babe, Blowjob, Cock Sucking, Cocksucker, Dick Licking, Ebony, POV Blowjob, POV Cock Sucking, POV Handjob, POV Jerking"
https://vrconk.com/virtualreality/scene/id/79-the_little_hours?a=5bc62289ccff3e6ec01c0b11,"Charlotte Sartre","The Little Hours",https://rest.s3for.me/s3.vrconk.com/images/79/506_cover.jpg,1473,"<iframe src=""https://vrconk.com/embed/video/id/79?a=5bc62289ccff3e6ec01c0b11"" width=""320"" height=""240""></iframe>","180 VR Porn, Blowjob, Cock Sucking, Cocksucker, Costume, Handjob, POV Blowjob, POV Cock Sucking, POV Handjob, Tattooed, Uniform, VR Porn, VRConk"
https://vrconk.com/virtualreality/scene/id/80-christmas_vacation?a=5bc62289ccff3e6ec01c0b11,"Alex Coal","Christmas Vacation",https://rest.s3for.me/s3.vrconk.com/images/80/507_cover.jpg,2736,"<iframe src=""https://vrconk.com/embed/video/id/80?a=5bc62289ccff3e6ec01c0b11"" width=""320"" height=""240""></iframe>","180 VR Porn, Babe, Blowjob, Brunette, Christmas, Cock Sucking, Cocksucker, Cowgirl, Cream, Cream Pie, POV Cock Sucking, Panties, Shaved Pussy, Teen, VR Porn, XXX Parody"
https://vrconk.com/virtualreality/scene/id/81-perfect_son_in_law?a=5bc62289ccff3e6ec01c0b11,"Kenzie Reeves","Perfect Son in Law",https://rest.s3for.me/s3.vrconk.com/images/81/554_cover.jpg,2498,"<iframe src=""https://vrconk.com/embed/video/id/81?a=5bc62289ccff3e6ec01c0b11"" width=""320"" height=""240""></iframe>","180 VR Porn, Blowjob, Missionary, POV Blowjob, POV View, Petite, Teen, Tiny Babe, Tiny Blonde, VR Porn, Virtual Reality Porn, XXX Parody, XXX Parody VR Porn"
