<?xml version="1.0" encoding="utf-8"?>
<adtools>
  <entry id="1068927:97::1583125200">
    <adtoolid>1068927</adtoolid>
    <identid>965</identid>
    <siteid>97</siteid>
    <published_date>1583125200</published_date>
    <networkid>0</networkid>
    <deleted>0</deleted>
    <adtool_type_id>1005</adtool_type_id>
    <date_added>1583143213</date_added>
    <byo_owner>0</byo_owner>
    <byo_program>0</byo_program>
    <byo_owner_only>0</byo_owner_only>
    <item id="ids">
      <loginid>118935</loginid>
      <programid>12</programid>
      <siteid>97</siteid>
    </item>
    <entry_id>25867</entry_id>
    <title>Sophia Deluxe will fuck you for dessert</title>
    <metadata>Sophia Deluxe,Sam Shock,Bad Girl,Ball licking,Bed,Bedroom,Big Dick,Big Fake Tits,Big Tits,Blonde,Blow Job,Bubble Butt,Caucasian,Couch,Cum on Stomach,Cum on Tits,Deepthroating,Fake Tits,Hairy bush,Hand Job,Hazel Eyes,High Heels,Hotel,Living room,Medium Ass,Outie Pussy,Porn Star,POV,Stockings,Straight,Swallowing,Titty Fucking,Trimmed,Virtual Reality,VR Porn,Naughty America</metadata>
    <url>scene/sophia-deluxe-will-fuck-you-for-dessert-25867</url>
    <thumbnail>https://images1.naughtycdn.com/cms/nacmscontent/v1/scenes/nam/sophiasam/scene/vertical/390x590c.jpg</thumbnail>
    <type>tour</type>
    <var_divide>?</var_divide>
    <item id="ident_details">
      <override_identifier_id>965</override_identifier_id>
      <loginid>0</loginid>
      <networkid>0</networkid>
      <programid>0</programid>
      <siteid>97</siteid>
      <tourid>0</tourid>
      <optionid>0</optionid>
      <adtoolid>0</adtoolid>
      <subid1>0</subid1>
      <subid2>0</subid2>
      <billerid>0</billerid>
      <countryid>000</countryid>
      <promotionalid>0</promotionalid>
      <encoded>MTE4OTM1LjEyLjAuMC4wLjAuMC4wLjA</encoded>
    </item>
    <published_date_nice>2020-03-02 00:00:00</published_date_nice>
    <tracking_url>enter.naughtyamericavr.com/track/MTE4OTM1LjEyLjk3LjI5OS4wLjEwNjg5MjcuMC4wLjA</tracking_url>
    <encoded>MTE4OTM1LjEyLjk3LjI5OS4wLjEwNjg5MjcuMC4wLjA</encoded>
  </entry>
  <entry id="1068919:97::1582866000">
    <adtoolid>1068919</adtoolid>
    <identid>965</identid>
    <siteid>97</siteid>
    <published_date>1582866000</published_date>
    <networkid>0</networkid>
    <deleted>0</deleted>
    <adtool_type_id>1005</adtool_type_id>
    <date_added>1582884013</date_added>
    <byo_owner>0</byo_owner>
    <byo_program>0</byo_program>
    <byo_owner_only>0</byo_owner_only>
    <item id="ids">
      <loginid>118935</loginid>
      <programid>12</programid>
      <siteid>97</siteid>
    </item>
    <entry_id>25855</entry_id>
    <title>Becky Bandini, Brandi Love, and Casca Akashova have their way with their hung co-worker</title>
    <metadata>Becky Bandini,Brandi Love,Casca Akashova,Sam Shock,Blow Job,Brunette,Bubble Butt,Caucasian,Cum on Tits,Desk,Fake Tits,Group Sex,Mature,Office,POV,Shaved,Stockings,Tattoos,Titty Fucking,Trimmed,Virtual Reality,VR Porn,Naughty America</metadata>
    <url>scene/becky-bandini-brandi-love-and-casca-akashova-have-their-way-with-their-hung-co-worker-25855</url>
    <thumbnail>https://images1.naughtycdn.com/cms/nacmscontent/v1/scenes/nam/beckybrandicascasam/scene/vertical/390x590c.jpg</thumbnail>
    <type>tour</type>
    <var_divide>?</var_divide>
    <item id="ident_details">
      <override_identifier_id>965</override_identifier_id>
      <loginid>0</loginid>
      <networkid>0</networkid>
      <programid>0</programid>
      <siteid>97</siteid>
      <tourid>0</tourid>
      <optionid>0</optionid>
      <adtoolid>0</adtoolid>
      <subid1>0</subid1>
      <subid2>0</subid2>
      <billerid>0</billerid>
      <countryid>000</countryid>
      <promotionalid>0</promotionalid>
      <encoded>MTE4OTM1LjEyLjAuMC4wLjAuMC4wLjA</encoded>
    </item>
    <published_date_nice>2020-02-28 00:00:00</published_date_nice>
    <tracking_url>enter.naughtyamericavr.com/track/MTE4OTM1LjEyLjk3LjI5OS4wLjEwNjg5MTkuMC4wLjA</tracking_url>
    <encoded>MTE4OTM1LjEyLjk3LjI5OS4wLjEwNjg5MTkuMC4wLjA</encoded>
  </entry>
  <entry id="1068899:97::1582520400">
    <adtoolid>1068899</adtoolid>
    <identid>965</identid>
    <siteid>97</siteid>
    <published_date>1582520400</published_date>
    <networkid>0</networkid>
    <deleted>0</deleted>
    <adtool_type_id>1005</adtool_type_id>
    <date_added>1582538413</date_added>
    <byo_owner>0</byo_owner>
    <byo_program>0</byo_program>
    <byo_owner_only>0</byo_owner_only>
    <item id="ids">
      <loginid>118935</loginid>
      <programid>12</programid>
      <siteid>97</siteid>
    </item>
    <entry_id>25854</entry_id>
    <title>Whitney Wright shows you her 2 skills Boxing and FUCKING!!!</title>
    <metadata>Whitney Wright,Isiah Maxwell,Ball licking,Big Dick,Black Cock,Blow Job,Brunette,Bubble Butt,Caucasian,Client,Cum in Mouth,Deepthroating,Facial,Green Eyes,Gym,Hairy bush,Innie Pussy,Interracial,Masturbation,Natural Tits,Piercings,POV,Small Ass,Small Natural Tits,Small Tits,Straight,Swallowing,Trimmed,Virtual Reality,VR Porn,Young,Naughty America</metadata>
    <url>scene/whitney-wright-shows-you-her-2-skills-boxing-and-fucking-25854</url>
    <thumbnail>https://images1.naughtycdn.com/cms/nacmscontent/v1/scenes/nam/whitneyisiah/scene/vertical/390x590c.jpg</thumbnail>
    <type>tour</type>
    <var_divide>?</var_divide>
    <item id="ident_details">
      <override_identifier_id>965</override_identifier_id>
      <loginid>0</loginid>
      <networkid>0</networkid>
      <programid>0</programid>
      <siteid>97</siteid>
      <tourid>0</tourid>
      <optionid>0</optionid>
      <adtoolid>0</adtoolid>
      <subid1>0</subid1>
      <subid2>0</subid2>
      <billerid>0</billerid>
      <countryid>000</countryid>
      <promotionalid>0</promotionalid>
      <encoded>MTE4OTM1LjEyLjAuMC4wLjAuMC4wLjA</encoded>
    </item>
    <published_date_nice>2020-02-24 00:00:00</published_date_nice>
    <tracking_url>enter.naughtyamericavr.com/track/MTE4OTM1LjEyLjk3LjI5OS4wLjEwNjg4OTkuMC4wLjA</tracking_url>
    <encoded>MTE4OTM1LjEyLjk3LjI5OS4wLjEwNjg4OTkuMC4wLjA</encoded>
  </entry>
  <entry id="1068887:97::1582261200">
    <adtoolid>1068887</adtoolid>
    <identid>965</identid>
    <siteid>97</siteid>
    <published_date>1582261200</published_date>
    <networkid>0</networkid>
    <deleted>0</deleted>
    <adtool_type_id>1005</adtool_type_id>
    <date_added>1582311613</date_added>
    <byo_owner>0</byo_owner>
    <byo_program>0</byo_program>
    <byo_owner_only>0</byo_owner_only>
    <item id="ids">
      <loginid>118935</loginid>
      <programid>12</programid>
      <siteid>97</siteid>
    </item>
    <entry_id>25850</entry_id>
    <title>Schoolgirls Athena Faris, Emma Starletto, and Liv Wild get naughty in detention</title>
    <metadata>Athena Faris,Emma Starletto,Liv Wild,Alex Mack,Blow Job,Brunette,Bubble Butt,Caucasian,Classroom,Coeds,Cum on Stomach,Deepthroating,Desk,Four or more,Foursome,Friend,Girl on Girl,Girlfriend,Medium Ass,Medium Natural Tits,Medium Tits,Natural Tits,Petite,Piercings,POV,Shaved,Small Ass,Small Natural Tits,Small Tits,Student,Uniform,Virtual Reality,VR Porn,Naughty America</metadata>
    <url>scene/schoolgirls-athena-faris-emma-starletto-and-liv-wild-get-naughty-in-detention-25850</url>
    <thumbnail>https://images1.naughtycdn.com/cms/nacmscontent/v1/scenes/nam/athenaemmalivalex/scene/vertical/390x590c.jpg</thumbnail>
    <type>tour</type>
    <var_divide>?</var_divide>
    <item id="ident_details">
      <override_identifier_id>965</override_identifier_id>
      <loginid>0</loginid>
      <networkid>0</networkid>
      <programid>0</programid>
      <siteid>97</siteid>
      <tourid>0</tourid>
      <optionid>0</optionid>
      <adtoolid>0</adtoolid>
      <subid1>0</subid1>
      <subid2>0</subid2>
      <billerid>0</billerid>
      <countryid>000</countryid>
      <promotionalid>0</promotionalid>
      <encoded>MTE4OTM1LjEyLjAuMC4wLjAuMC4wLjA</encoded>
    </item>
    <published_date_nice>2020-02-21 00:00:00</published_date_nice>
    <tracking_url>enter.naughtyamericavr.com/track/MTE4OTM1LjEyLjk3LjI5OS4wLjEwNjg4ODcuMC4wLjA</tracking_url>
    <encoded>MTE4OTM1LjEyLjk3LjI5OS4wLjEwNjg4ODcuMC4wLjA</encoded>
  </entry>
  <entry id="1068865:97::1581915600">
    <adtoolid>1068865</adtoolid>
    <identid>965</identid>
    <siteid>97</siteid>
    <published_date>1581915600</published_date>
    <networkid>0</networkid>
    <deleted>0</deleted>
    <adtool_type_id>1005</adtool_type_id>
    <date_added>1581933613</date_added>
    <byo_owner>0</byo_owner>
    <byo_program>0</byo_program>
    <byo_owner_only>0</byo_owner_only>
    <item id="ids">
      <loginid>118935</loginid>
      <programid>12</programid>
      <siteid>97</siteid>
    </item>
    <entry_id>25844</entry_id>
    <title>Kimber Woods finds and fucks you in Vegas</title>
    <metadata>Kimber Woods,Jay Romero,Ass smacking,Athletic Body,Bad Girl,Ball licking,Bed,Bedroom,Big Dick,Blow Job,Blue Eyes,Brunette,Bubble Butt,Caucasian,Chair,Cum on Stomach,Deepthroating,Hand Job,Hotel,Living room,Medium Ass,Medium Natural Tits,Medium Tits,Natural Tits,Outie Pussy,Piercings,POV,Sister&amp;#039;s Friend,Straight,Titty Fucking,Trimmed,Virtual Reality,VR Porn,My Sister&amp;#039;s Hot Friend</metadata>
    <url>scene/kimber-woods-finds-and-fucks-you-in-vegas-25844</url>
    <thumbnail>https://images1.naughtycdn.com/cms/nacmscontent/v1/scenes/mshf/kimberjay/scene/vertical/390x590c.jpg</thumbnail>
    <type>tour</type>
    <var_divide>?</var_divide>
    <item id="ident_details">
      <override_identifier_id>965</override_identifier_id>
      <loginid>0</loginid>
      <networkid>0</networkid>
      <programid>0</programid>
      <siteid>97</siteid>
      <tourid>0</tourid>
      <optionid>0</optionid>
      <adtoolid>0</adtoolid>
      <subid1>0</subid1>
      <subid2>0</subid2>
      <billerid>0</billerid>
      <countryid>000</countryid>
      <promotionalid>0</promotionalid>
      <encoded>MTE4OTM1LjEyLjAuMC4wLjAuMC4wLjA</encoded>
    </item>
    <published_date_nice>2020-02-17 00:00:00</published_date_nice>
    <tracking_url>enter.naughtyamericavr.com/track/MTE4OTM1LjEyLjk3LjI5OS4wLjEwNjg4NjUuMC4wLjA</tracking_url>
    <encoded>MTE4OTM1LjEyLjk3LjI5OS4wLjEwNjg4NjUuMC4wLjA</encoded>
  </entry>
  <entry id="1068855:97::1581656400">
    <adtoolid>1068855</adtoolid>
    <identid>965</identid>
    <siteid>97</siteid>
    <published_date>1581656400</published_date>
    <networkid>0</networkid>
    <deleted>0</deleted>
    <adtool_type_id>1005</adtool_type_id>
    <date_added>1581670820</date_added>
    <byo_owner>0</byo_owner>
    <byo_program>0</byo_program>
    <byo_owner_only>0</byo_owner_only>
    <item id="ids">
      <loginid>118935</loginid>
      <programid>12</programid>
      <siteid>97</siteid>
    </item>
    <entry_id>25839</entry_id>
    <title>Valentine&amp;#039;s Day with Chanel Grey, Diana Grace, and Sophia Lux</title>
    <metadata>Chanel Grey,Diana Grace,Sophia Lux,Sam Shock,Brunette,Bubble Butt,Bus,Caucasian,Coeds,Cum in Mouth,Deepthroating,Floor,Four or more,Foursome,Friend,Girl on Girl,Girlfriend,Hand Job,High Heels,Hotel,Lesbian,Medium Ass,Medium Natural Tits,Medium Tits,Natural Tits,Ottoman,Petite,POV,Shaved,Small Ass,Small Natural Tits,Small Tits,Squirting,Stranger,Teens,Virtual Reality,VR Porn,Naughty America</metadata>
    <url>scene/valentines-day-with-chanel-grey-diana-grace-and-sophia-lux-25839</url>
    <thumbnail>https://images1.naughtycdn.com/cms/nacmscontent/v1/scenes/nam/chaneldianasophiasam/scene/vertical/390x590c.jpg</thumbnail>
    <type>tour</type>
    <var_divide>?</var_divide>
    <item id="ident_details">
      <override_identifier_id>965</override_identifier_id>
      <loginid>0</loginid>
      <networkid>0</networkid>
      <programid>0</programid>
      <siteid>97</siteid>
      <tourid>0</tourid>
      <optionid>0</optionid>
      <adtoolid>0</adtoolid>
      <subid1>0</subid1>
      <subid2>0</subid2>
      <billerid>0</billerid>
      <countryid>000</countryid>
      <promotionalid>0</promotionalid>
      <encoded>MTE4OTM1LjEyLjAuMC4wLjAuMC4wLjA</encoded>
    </item>
    <published_date_nice>2020-02-14 00:00:00</published_date_nice>
    <tracking_url>enter.naughtyamericavr.com/track/MTE4OTM1LjEyLjk3LjI5OS4wLjEwNjg4NTUuMC4wLjA</tracking_url>
    <encoded>MTE4OTM1LjEyLjk3LjI5OS4wLjEwNjg4NTUuMC4wLjA</encoded>
  </entry>
  <entry id="1068833:97::1581310800">
    <adtoolid>1068833</adtoolid>
    <identid>965</identid>
    <siteid>97</siteid>
    <published_date>1581310800</published_date>
    <networkid>0</networkid>
    <deleted>0</deleted>
    <adtool_type_id>1005</adtool_type_id>
    <date_added>1581328815</date_added>
    <byo_owner>0</byo_owner>
    <byo_program>0</byo_program>
    <byo_owner_only>0</byo_owner_only>
    <item id="ids">
      <loginid>118935</loginid>
      <programid>12</programid>
      <siteid>97</siteid>
    </item>
    <entry_id>25833</entry_id>
    <title>Skye Blue wont let you leave until you fuck her</title>
    <metadata>Skye Blue,Jay Romero,Ball licking,Bed,Bedroom,Big Dick,Big Tits,Blonde,Blow Job,Blue Eyes,Bubble Butt,Caucasian,Chair,Cum on Stomach,Deepthroating,Hand Job,High Heels,Hotel,Innie Pussy,Lingerie,Masturbation,Medium Ass,Natural Tits,Porn Star,POV,Stockings,Straight,Swallowing,Tattoos,Trimmed,Virtual Reality,VR Porn,Young,Naughty America</metadata>
    <url>scene/skye-blue-wont-let-you-leave-until-you-fuck-her-25833</url>
    <thumbnail>https://images1.naughtycdn.com/cms/nacmscontent/v1/scenes/nam/skyejay/scene/vertical/390x590c.jpg</thumbnail>
    <type>tour</type>
    <var_divide>?</var_divide>
    <item id="ident_details">
      <override_identifier_id>965</override_identifier_id>
      <loginid>0</loginid>
      <networkid>0</networkid>
      <programid>0</programid>
      <siteid>97</siteid>
      <tourid>0</tourid>
      <optionid>0</optionid>
      <adtoolid>0</adtoolid>
      <subid1>0</subid1>
      <subid2>0</subid2>
      <billerid>0</billerid>
      <countryid>000</countryid>
      <promotionalid>0</promotionalid>
      <encoded>MTE4OTM1LjEyLjAuMC4wLjAuMC4wLjA</encoded>
    </item>
    <published_date_nice>2020-02-10 00:00:00</published_date_nice>
    <tracking_url>enter.naughtyamericavr.com/track/MTE4OTM1LjEyLjk3LjI5OS4wLjEwNjg4MzMuMC4wLjA</tracking_url>
    <encoded>MTE4OTM1LjEyLjk3LjI5OS4wLjEwNjg4MzMuMC4wLjA</encoded>
  </entry>
  <entry id="1068823:97::1581051600">
    <adtoolid>1068823</adtoolid>
    <identid>965</identid>
    <siteid>97</siteid>
    <published_date>1581051600</published_date>
    <networkid>0</networkid>
    <deleted>0</deleted>
    <adtool_type_id>1005</adtool_type_id>
    <date_added>1581066013</date_added>
    <byo_owner>0</byo_owner>
    <byo_program>0</byo_program>
    <byo_owner_only>0</byo_owner_only>
    <item id="ids">
      <loginid>118935</loginid>
      <programid>12</programid>
      <siteid>97</siteid>
    </item>
    <entry_id>25830</entry_id>
    <title>Bianca Burke, Kit Mercer, &amp;amp; Rachael Cavalli get fucked in the dressing room</title>
    <metadata>Bianca Burke,Kit Mercer,Rachael Cavalli,Alex Mack,Blow Job,Blue Eyes,Brunette,Bubble Butt,Caucasian,Cum in Mouth,Fake Tits,Girlfriend,Girlfriend&amp;#039;s Friend,Lingerie,Medium Fake Tits,Medium Tits,Outie Pussy,Petite,POV,Shaved,Stockings,Titty Fucking,Virtual Reality,VR Porn,Naughty America</metadata>
    <url>scene/bianca-burke-kit-mercer-rachael-cavalli-get-fucked-in-the-dressing-room-25830</url>
    <thumbnail>https://images1.naughtycdn.com/cms/nacmscontent/v1/scenes/nam/biancakitrachaelalex/scene/vertical/390x590c.jpg</thumbnail>
    <type>tour</type>
    <var_divide>?</var_divide>
    <item id="ident_details">
      <override_identifier_id>965</override_identifier_id>
      <loginid>0</loginid>
      <networkid>0</networkid>
      <programid>0</programid>
      <siteid>97</siteid>
      <tourid>0</tourid>
      <optionid>0</optionid>
      <adtoolid>0</adtoolid>
      <subid1>0</subid1>
      <subid2>0</subid2>
      <billerid>0</billerid>
      <countryid>000</countryid>
      <promotionalid>0</promotionalid>
      <encoded>MTE4OTM1LjEyLjAuMC4wLjAuMC4wLjA</encoded>
    </item>
    <published_date_nice>2020-02-07 00:00:00</published_date_nice>
    <tracking_url>enter.naughtyamericavr.com/track/MTE4OTM1LjEyLjk3LjI5OS4wLjEwNjg4MjMuMC4wLjA</tracking_url>
    <encoded>MTE4OTM1LjEyLjk3LjI5OS4wLjEwNjg4MjMuMC4wLjA</encoded>
  </entry>
  <entry id="1068804:97::1580706000">
    <adtoolid>1068804</adtoolid>
    <identid>965</identid>
    <siteid>97</siteid>
    <published_date>1580706000</published_date>
    <networkid>0</networkid>
    <deleted>0</deleted>
    <adtool_type_id>1005</adtool_type_id>
    <date_added>1580724017</date_added>
    <byo_owner>0</byo_owner>
    <byo_program>0</byo_program>
    <byo_owner_only>0</byo_owner_only>
    <item id="ids">
      <loginid>118935</loginid>
      <programid>12</programid>
      <siteid>97</siteid>
    </item>
    <entry_id>25817</entry_id>
    <title>Vanessa Cage Rides you in your hotel but don&amp;#039;t tell your wife</title>
    <metadata>Vanessa Cage,Sam Shock,Bed,Bedroom,Big Ass,Big Dick,Big Natural Tits,Big Tits,Blonde,Blow Job,Blue Eyes,Bubble Butt,Caucasian,Cum on Tits,Curvy Woman,Deepthroating,Hand Job,High Heels,Hotel,Innie Pussy,Masturbation,Natural Tits,Pearl Necklace,Piercings,POV,Shaved,Straight,Stripper,Titty Fucking,Virtual Reality,Voluptuous,VR Porn,I Have a Wife</metadata>
    <url>scene/vanessa-cage-rides-you-in-your-hotel-but-dont-tell-your-wife-25817</url>
    <thumbnail>https://images1.naughtycdn.com/cms/nacmscontent/v1/scenes/ihw/vanessasam/scene/vertical/390x590c.jpg</thumbnail>
    <type>tour</type>
    <var_divide>?</var_divide>
    <item id="ident_details">
      <override_identifier_id>965</override_identifier_id>
      <loginid>0</loginid>
      <networkid>0</networkid>
      <programid>0</programid>
      <siteid>97</siteid>
      <tourid>0</tourid>
      <optionid>0</optionid>
      <adtoolid>0</adtoolid>
      <subid1>0</subid1>
      <subid2>0</subid2>
      <billerid>0</billerid>
      <countryid>000</countryid>
      <promotionalid>0</promotionalid>
      <encoded>MTE4OTM1LjEyLjAuMC4wLjAuMC4wLjA</encoded>
    </item>
    <published_date_nice>2020-02-03 00:00:00</published_date_nice>
    <tracking_url>enter.naughtyamericavr.com/track/MTE4OTM1LjEyLjk3LjI5OS4wLjEwNjg4MDQuMC4wLjA</tracking_url>
    <encoded>MTE4OTM1LjEyLjk3LjI5OS4wLjEwNjg4MDQuMC4wLjA</encoded>
  </entry>
  <entry id="1068796:97::1580446800">
    <adtoolid>1068796</adtoolid>
    <identid>965</identid>
    <siteid>97</siteid>
    <published_date>1580446800</published_date>
    <networkid>0</networkid>
    <deleted>0</deleted>
    <adtool_type_id>1005</adtool_type_id>
    <date_added>1580461217</date_added>
    <byo_owner>0</byo_owner>
    <byo_program>0</byo_program>
    <byo_owner_only>0</byo_owner_only>
    <item id="ids">
      <loginid>118935</loginid>
      <programid>12</programid>
      <siteid>97</siteid>
    </item>
    <entry_id>25820</entry_id>
    <title>Gabbie Carter, LaSirena69, &amp;amp; Skye Blue Fuck A Peeper In The Gym</title>
    <metadata>Gabbie Carter,LaSirena69,Skye Blue,Sam Shock,Big Dick,Big Fake Tits,Big Tits,Blonde,Blow Job,Brunette,Bubble Butt,Caucasian,Coeds,Deepthroating,Fake Tits,Four or more,Foursome,Friend,Girl on Girl,Gym,Lesbian,Medium Ass,Medium Tits,Natural Tits,Petite,Piercings,POV,Shaved,Small Ass,Stranger,Tattoos,Titty Fucking,Trimmed,Virtual Reality,VR Porn,Naughty America</metadata>
    <url>scene/gabbie-carter-lasirena69-skye-blue-fuck-a-peeper-in-the-gym-25820</url>
    <thumbnail>https://images1.naughtycdn.com/cms/nacmscontent/v1/scenes/nam/gabbielasirenaskyesam/scene/vertical/390x590c.jpg</thumbnail>
    <type>tour</type>
    <var_divide>?</var_divide>
    <item id="ident_details">
      <override_identifier_id>965</override_identifier_id>
      <loginid>0</loginid>
      <networkid>0</networkid>
      <programid>0</programid>
      <siteid>97</siteid>
      <tourid>0</tourid>
      <optionid>0</optionid>
      <adtoolid>0</adtoolid>
      <subid1>0</subid1>
      <subid2>0</subid2>
      <billerid>0</billerid>
      <countryid>000</countryid>
      <promotionalid>0</promotionalid>
      <encoded>MTE4OTM1LjEyLjAuMC4wLjAuMC4wLjA</encoded>
    </item>
    <published_date_nice>2020-01-31 00:00:00</published_date_nice>
    <tracking_url>enter.naughtyamericavr.com/track/MTE4OTM1LjEyLjk3LjI5OS4wLjEwNjg3OTYuMC4wLjA</tracking_url>
    <encoded>MTE4OTM1LjEyLjk3LjI5OS4wLjEwNjg3OTYuMC4wLjA</encoded>
  </entry>
  <entry id="1068771:97::1580101200">
    <adtoolid>1068771</adtoolid>
    <identid>965</identid>
    <siteid>97</siteid>
    <published_date>1580101200</published_date>
    <networkid>0</networkid>
    <deleted>0</deleted>
    <adtool_type_id>1005</adtool_type_id>
    <date_added>1580119213</date_added>
    <byo_owner>0</byo_owner>
    <byo_program>0</byo_program>
    <byo_owner_only>0</byo_owner_only>
    <item id="ids">
      <loginid>118935</loginid>
      <programid>12</programid>
      <siteid>97</siteid>
    </item>
    <entry_id>25808</entry_id>
    <title>Kate England Fucks you in VR</title>
    <metadata>Kate England,Sam Shock,Bad Girl,Ball licking,Bed,Bedroom,Big Dick,Blonde,Blow Job,Blue Eyes,Caucasian,Chair,Cum on pussy,Cum on Stomach,Deepthroating,Hand Job,High Heels,Lingerie,Living room,Medium Ass,Medium Natural Tits,Medium Tits,Natural Tits,Outie Pussy,Porn Star,POV,Shaved,Stockings,Straight,Virtual Reality,VR Porn,Naughty America</metadata>
    <url>scene/kate-england-fucks-you-in-vr-25808</url>
    <thumbnail>https://images1.naughtycdn.com/cms/nacmscontent/v1/scenes/nam/katesam/scene/vertical/390x590c.jpg</thumbnail>
    <type>tour</type>
    <var_divide>?</var_divide>
    <item id="ident_details">
      <override_identifier_id>965</override_identifier_id>
      <loginid>0</loginid>
      <networkid>0</networkid>
      <programid>0</programid>
      <siteid>97</siteid>
      <tourid>0</tourid>
      <optionid>0</optionid>
      <adtoolid>0</adtoolid>
      <subid1>0</subid1>
      <subid2>0</subid2>
      <billerid>0</billerid>
      <countryid>000</countryid>
      <promotionalid>0</promotionalid>
      <encoded>MTE4OTM1LjEyLjAuMC4wLjAuMC4wLjA</encoded>
    </item>
    <published_date_nice>2020-01-27 00:00:00</published_date_nice>
    <tracking_url>enter.naughtyamericavr.com/track/MTE4OTM1LjEyLjk3LjI5OS4wLjEwNjg3NzEuMC4wLjA</tracking_url>
    <encoded>MTE4OTM1LjEyLjk3LjI5OS4wLjEwNjg3NzEuMC4wLjA</encoded>
  </entry>
  <entry id="1068761:97::1579842000">
    <adtoolid>1068761</adtoolid>
    <identid>965</identid>
    <siteid>97</siteid>
    <published_date>1579842000</published_date>
    <networkid>0</networkid>
    <deleted>0</deleted>
    <adtool_type_id>1005</adtool_type_id>
    <date_added>1579856413</date_added>
    <byo_owner>0</byo_owner>
    <byo_program>0</byo_program>
    <byo_owner_only>0</byo_owner_only>
    <item id="ids">
      <loginid>118935</loginid>
      <programid>12</programid>
      <siteid>97</siteid>
    </item>
    <entry_id>25810</entry_id>
    <title>Ella Knox, Sahara Leone, and Violet Myers put in some extra cardio</title>
    <metadata>Ella Knox,Sahara Leone,Violet Myers,Alex Mack,Big Tits,Blow Job,Brunette,Bubble Butt,Coeds,Cum on Tits,Deepthroating,Floor,Four or more,Foursome,Friend,Girl on Girl,Gym,Gym Equipment,Hairy bush,Hairy Pussy,Hand Job,Latina,Medium Ass,Natural Tits,POV,Shaved,Virtual Reality,VR Porn,Naughty America</metadata>
    <url>scene/ella-knox-sahara-leone-and-violet-myers-put-in-some-extra-cardio-25810</url>
    <thumbnail>https://images1.naughtycdn.com/cms/nacmscontent/v1/scenes/nam/ellasaharavioletalex/scene/vertical/390x590c.jpg</thumbnail>
    <type>tour</type>
    <var_divide>?</var_divide>
    <item id="ident_details">
      <override_identifier_id>965</override_identifier_id>
      <loginid>0</loginid>
      <networkid>0</networkid>
      <programid>0</programid>
      <siteid>97</siteid>
      <tourid>0</tourid>
      <optionid>0</optionid>
      <adtoolid>0</adtoolid>
      <subid1>0</subid1>
      <subid2>0</subid2>
      <billerid>0</billerid>
      <countryid>000</countryid>
      <promotionalid>0</promotionalid>
      <encoded>MTE4OTM1LjEyLjAuMC4wLjAuMC4wLjA</encoded>
    </item>
    <published_date_nice>2020-01-24 00:00:00</published_date_nice>
    <tracking_url>enter.naughtyamericavr.com/track/MTE4OTM1LjEyLjk3LjI5OS4wLjEwNjg3NjEuMC4wLjA</tracking_url>
    <encoded>MTE4OTM1LjEyLjk3LjI5OS4wLjEwNjg3NjEuMC4wLjA</encoded>
  </entry>
  <entry id="1068741:97::1579496400">
    <adtoolid>1068741</adtoolid>
    <identid>965</identid>
    <siteid>97</siteid>
    <published_date>1579496400</published_date>
    <networkid>0</networkid>
    <deleted>0</deleted>
    <adtool_type_id>1005</adtool_type_id>
    <date_added>1579514413</date_added>
    <byo_owner>0</byo_owner>
    <byo_program>0</byo_program>
    <byo_owner_only>0</byo_owner_only>
    <item id="ids">
      <loginid>118935</loginid>
      <programid>12</programid>
      <siteid>97</siteid>
    </item>
    <entry_id>25798</entry_id>
    <title>Abby Adams fucks you in your office</title>
    <metadata>Abby Adams,Sam Shock,Bad Girl,Ball licking,Big Dick,Blonde,Blow Job,Bubble Butt,Caucasian,Chair,Cum on pussy,Deepthroating,Desk,Employee,Green Eyes,Hand Job,High Heels,Lingerie,Masturbation,Natural Tits,Office,Outie Pussy,POV,Small Ass,Small Tits,Stockings,Straight,Tattoos,Trimmed,Virtual Reality,VR Porn,Naughty Office</metadata>
    <url>scene/abby-adams-fucks-you-in-your-office-25798</url>
    <thumbnail>https://images1.naughtycdn.com/cms/nacmscontent/v1/scenes/no/abbysam/scene/vertical/390x590c.jpg</thumbnail>
    <type>tour</type>
    <var_divide>?</var_divide>
    <item id="ident_details">
      <override_identifier_id>965</override_identifier_id>
      <loginid>0</loginid>
      <networkid>0</networkid>
      <programid>0</programid>
      <siteid>97</siteid>
      <tourid>0</tourid>
      <optionid>0</optionid>
      <adtoolid>0</adtoolid>
      <subid1>0</subid1>
      <subid2>0</subid2>
      <billerid>0</billerid>
      <countryid>000</countryid>
      <promotionalid>0</promotionalid>
      <encoded>MTE4OTM1LjEyLjAuMC4wLjAuMC4wLjA</encoded>
    </item>
    <published_date_nice>2020-01-20 00:00:00</published_date_nice>
    <tracking_url>enter.naughtyamericavr.com/track/MTE4OTM1LjEyLjk3LjI5OS4wLjEwNjg3NDEuMC4wLjA</tracking_url>
    <encoded>MTE4OTM1LjEyLjk3LjI5OS4wLjEwNjg3NDEuMC4wLjA</encoded>
  </entry>
  <entry id="1068733:97::1579237200">
    <adtoolid>1068733</adtoolid>
    <identid>965</identid>
    <siteid>97</siteid>
    <published_date>1579237200</published_date>
    <networkid>0</networkid>
    <deleted>0</deleted>
    <adtool_type_id>1005</adtool_type_id>
    <date_added>1579251612</date_added>
    <byo_owner>0</byo_owner>
    <byo_program>0</byo_program>
    <byo_owner_only>0</byo_owner_only>
    <item id="ids">
      <loginid>118935</loginid>
      <programid>12</programid>
      <siteid>97</siteid>
    </item>
    <entry_id>25794</entry_id>
    <title>Belle O&amp;#039;Hara, Maxim Law, and Skye Blue share a big cock at the spa</title>
    <metadata>Belle O&amp;#039;Hara,Skye Blue,Sam Shock,Maxim Law,Blonde,Blow Job,Blue Eyes,Bubble Butt,Caucasian,Coeds,Deepthroating,Four or more,Foursome,Friend,Girl on Girl,Hand Job,Hazel Eyes,Lesbian,Massage Table,Medium Ass,Medium Natural Tits,Medium Tits,Natural Tits,Shaved,Spa,Stranger,Titty Fucking,Trimmed,Virtual Reality,VR Porn,Naughty America</metadata>
    <url>scene/belle-ohara-maxim-law-and-skye-blue-share-a-big-cock-at-the-spa-25794</url>
    <thumbnail>https://images1.naughtycdn.com/cms/nacmscontent/v1/scenes/nam/bellemaximskyesam/scene/vertical/390x590c.jpg</thumbnail>
    <type>tour</type>
    <var_divide>?</var_divide>
    <item id="ident_details">
      <override_identifier_id>965</override_identifier_id>
      <loginid>0</loginid>
      <networkid>0</networkid>
      <programid>0</programid>
      <siteid>97</siteid>
      <tourid>0</tourid>
      <optionid>0</optionid>
      <adtoolid>0</adtoolid>
      <subid1>0</subid1>
      <subid2>0</subid2>
      <billerid>0</billerid>
      <countryid>000</countryid>
      <promotionalid>0</promotionalid>
      <encoded>MTE4OTM1LjEyLjAuMC4wLjAuMC4wLjA</encoded>
    </item>
    <published_date_nice>2020-01-17 00:00:00</published_date_nice>
    <tracking_url>enter.naughtyamericavr.com/track/MTE4OTM1LjEyLjk3LjI5OS4wLjEwNjg3MzMuMC4wLjA</tracking_url>
    <encoded>MTE4OTM1LjEyLjk3LjI5OS4wLjEwNjg3MzMuMC4wLjA</encoded>
  </entry>
  <entry id="1068709:97::1578891600">
    <adtoolid>1068709</adtoolid>
    <identid>965</identid>
    <siteid>97</siteid>
    <published_date>1578891600</published_date>
    <networkid>0</networkid>
    <deleted>0</deleted>
    <adtool_type_id>1005</adtool_type_id>
    <date_added>1578909627</date_added>
    <byo_owner>0</byo_owner>
    <byo_program>0</byo_program>
    <byo_owner_only>0</byo_owner_only>
    <item id="ids">
      <loginid>118935</loginid>
      <programid>12</programid>
      <siteid>97</siteid>
    </item>
    <entry_id>25788</entry_id>
    <title>Gianna Gem Fucks you in the gym</title>
    <metadata>Jay Romero,Gianna Gem,Ball licking,Big Dick,Blow Job,Brown Eyes,Brunette,Bubble Butt,Cum in Mouth,Deepthroating,Facial,Hand Job,Medium Ass,Medium Natural Tits,Medium Tits,Natural Tits,Outie Pussy,POV,Shaved,Straight,Swallowing,Tattoos,Virtual Reality,VR Porn,My Sister&amp;#039;s Hot Friend</metadata>
    <url>scene/gianna-gem-fucks-you-in-the-gym-25788</url>
    <thumbnail>https://images1.naughtycdn.com/cms/nacmscontent/v1/scenes/mshf/giannajay/scene/vertical/390x590c.jpg</thumbnail>
    <type>tour</type>
    <var_divide>?</var_divide>
    <item id="ident_details">
      <override_identifier_id>965</override_identifier_id>
      <loginid>0</loginid>
      <networkid>0</networkid>
      <programid>0</programid>
      <siteid>97</siteid>
      <tourid>0</tourid>
      <optionid>0</optionid>
      <adtoolid>0</adtoolid>
      <subid1>0</subid1>
      <subid2>0</subid2>
      <billerid>0</billerid>
      <countryid>000</countryid>
      <promotionalid>0</promotionalid>
      <encoded>MTE4OTM1LjEyLjAuMC4wLjAuMC4wLjA</encoded>
    </item>
    <published_date_nice>2020-01-13 00:00:00</published_date_nice>
    <tracking_url>enter.naughtyamericavr.com/track/MTE4OTM1LjEyLjk3LjI5OS4wLjEwNjg3MDkuMC4wLjA</tracking_url>
    <encoded>MTE4OTM1LjEyLjk3LjI5OS4wLjEwNjg3MDkuMC4wLjA</encoded>
  </entry>
  <entry id="1068699:97::1578632400">
    <adtoolid>1068699</adtoolid>
    <identid>965</identid>
    <siteid>97</siteid>
    <published_date>1578632400</published_date>
    <networkid>0</networkid>
    <deleted>0</deleted>
    <adtool_type_id>1005</adtool_type_id>
    <date_added>1578646826</date_added>
    <byo_owner>0</byo_owner>
    <byo_program>0</byo_program>
    <byo_owner_only>0</byo_owner_only>
    <item id="ids">
      <loginid>118935</loginid>
      <programid>12</programid>
      <siteid>97</siteid>
    </item>
    <entry_id>25787</entry_id>
    <title>Lilian Stone, Linzee Ryder, &amp;amp; Natasha Starr fuck in the dressing room</title>
    <metadata>Lilian Stone,Linzee Ryder,Natasha Starr,Sam Shock,Blonde,Blow Job,Blue Eyes,Bubble Butt,Caucasian,Cum on pussy,Fake Tits,Foreign Accent,Group Sex,Lingerie,Lingerie Store,Medium Ass,Medium Natural Tits,Medium Tits,Natural Tits,Petite,POV,Red Head,Shaved,Stockings,Stranger,Tattoos,Titty Fucking,Trimmed,Virtual Reality,VR Porn,Naughty America</metadata>
    <url>scene/lilian-stone-linzee-ryder-natasha-starr-fuck-in-the-dressing-room-25787</url>
    <thumbnail>https://images1.naughtycdn.com/cms/nacmscontent/v1/scenes/nam/lilianlinzeenatashasam/scene/vertical/390x590c.jpg</thumbnail>
    <type>tour</type>
    <var_divide>?</var_divide>
    <item id="ident_details">
      <override_identifier_id>965</override_identifier_id>
      <loginid>0</loginid>
      <networkid>0</networkid>
      <programid>0</programid>
      <siteid>97</siteid>
      <tourid>0</tourid>
      <optionid>0</optionid>
      <adtoolid>0</adtoolid>
      <subid1>0</subid1>
      <subid2>0</subid2>
      <billerid>0</billerid>
      <countryid>000</countryid>
      <promotionalid>0</promotionalid>
      <encoded>MTE4OTM1LjEyLjAuMC4wLjAuMC4wLjA</encoded>
    </item>
    <published_date_nice>2020-01-10 00:00:00</published_date_nice>
    <tracking_url>enter.naughtyamericavr.com/track/MTE4OTM1LjEyLjk3LjI5OS4wLjEwNjg2OTkuMC4wLjA</tracking_url>
    <encoded>MTE4OTM1LjEyLjk3LjI5OS4wLjEwNjg2OTkuMC4wLjA</encoded>
  </entry>
  <entry id="1068680:97::1578286800">
    <adtoolid>1068680</adtoolid>
    <identid>965</identid>
    <siteid>97</siteid>
    <published_date>1578286800</published_date>
    <networkid>0</networkid>
    <deleted>0</deleted>
    <adtool_type_id>1005</adtool_type_id>
    <date_added>1578301228</date_added>
    <byo_owner>0</byo_owner>
    <byo_program>0</byo_program>
    <byo_owner_only>0</byo_owner_only>
    <item id="ids">
      <loginid>118935</loginid>
      <programid>12</programid>
      <siteid>97</siteid>
    </item>
    <entry_id>25776</entry_id>
    <title>Sexy blonde Kenna James Fucks you in VR</title>
    <metadata>Kenna James,Jay Romero,Bed,Bedroom,Big Dick,Blonde,Blow Job,Bubble Butt,Caucasian,Chair,Cum on Stomach,Deepthroating,Green Eyes,Hand Job,High Heels,Hotel,Lingerie,Masturbation,Natural Tits,Outie Pussy,Petite,Porn Star,POV,Shaved,Small Ass,Small Natural Tits,Small Tits,Stockings,Straight,Swallowing,Virtual Reality,VR Porn,Naughty America</metadata>
    <url>scene/sexy-blonde-kenna-james-fucks-you-in-vr-25776</url>
    <thumbnail>https://images1.naughtycdn.com/cms/nacmscontent/v1/scenes/nam/kennajay/scene/vertical/390x590c.jpg</thumbnail>
    <type>tour</type>
    <var_divide>?</var_divide>
    <item id="ident_details">
      <override_identifier_id>965</override_identifier_id>
      <loginid>0</loginid>
      <networkid>0</networkid>
      <programid>0</programid>
      <siteid>97</siteid>
      <tourid>0</tourid>
      <optionid>0</optionid>
      <adtoolid>0</adtoolid>
      <subid1>0</subid1>
      <subid2>0</subid2>
      <billerid>0</billerid>
      <countryid>000</countryid>
      <promotionalid>0</promotionalid>
      <encoded>MTE4OTM1LjEyLjAuMC4wLjAuMC4wLjA</encoded>
    </item>
    <published_date_nice>2020-01-06 00:00:00</published_date_nice>
    <tracking_url>enter.naughtyamericavr.com/track/MTE4OTM1LjEyLjk3LjI5OS4wLjEwNjg2ODAuMC4wLjA</tracking_url>
    <encoded>MTE4OTM1LjEyLjk3LjI5OS4wLjEwNjg2ODAuMC4wLjA</encoded>
  </entry>
  <entry id="1068651:97::1577768400">
    <adtoolid>1068651</adtoolid>
    <identid>965</identid>
    <siteid>97</siteid>
    <published_date>1577768400</published_date>
    <networkid>0</networkid>
    <deleted>0</deleted>
    <adtool_type_id>1005</adtool_type_id>
    <date_added>1577782829</date_added>
    <byo_owner>0</byo_owner>
    <byo_program>0</byo_program>
    <byo_owner_only>0</byo_owner_only>
    <item id="ids">
      <loginid>118935</loginid>
      <programid>12</programid>
      <siteid>97</siteid>
    </item>
    <entry_id>25765</entry_id>
    <title>Ashley Lane, Jewelz Blu, and Kenzie Taylor Bring in the New Year with a BANG!</title>
    <metadata>,Naughty America</metadata>
    <url>scene/ashley-lane-jewelz-blu-and-kenzie-taylor-bring-in-the-new-year-with-a-bang-25765</url>
    <thumbnail>https://images1.naughtycdn.com/cms/nacmscontent/v1/scenes/nam/ashleyjewelzkenziesam/scene/vertical/390x590c.jpg</thumbnail>
    <type>tour</type>
    <var_divide>?</var_divide>
    <item id="ident_details">
      <override_identifier_id>965</override_identifier_id>
      <loginid>0</loginid>
      <networkid>0</networkid>
      <programid>0</programid>
      <siteid>97</siteid>
      <tourid>0</tourid>
      <optionid>0</optionid>
      <adtoolid>0</adtoolid>
      <subid1>0</subid1>
      <subid2>0</subid2>
      <billerid>0</billerid>
      <countryid>000</countryid>
      <promotionalid>0</promotionalid>
      <encoded>MTE4OTM1LjEyLjAuMC4wLjAuMC4wLjA</encoded>
    </item>
    <published_date_nice>2019-12-31 00:00:00</published_date_nice>
    <tracking_url>enter.naughtyamericavr.com/track/MTE4OTM1LjEyLjk3LjI5OS4wLjEwNjg2NTEuMC4wLjA</tracking_url>
    <encoded>MTE4OTM1LjEyLjk3LjI5OS4wLjEwNjg2NTEuMC4wLjA</encoded>
  </entry>
  <entry id="1068648:97::1577682000">
    <adtoolid>1068648</adtoolid>
    <identid>965</identid>
    <siteid>97</siteid>
    <published_date>1577682000</published_date>
    <networkid>0</networkid>
    <deleted>0</deleted>
    <adtool_type_id>1005</adtool_type_id>
    <date_added>1577696427</date_added>
    <byo_owner>0</byo_owner>
    <byo_program>0</byo_program>
    <byo_owner_only>0</byo_owner_only>
    <item id="ids">
      <loginid>118935</loginid>
      <programid>12</programid>
      <siteid>97</siteid>
    </item>
    <entry_id>25761</entry_id>
    <title>Twins Joey and Sami White fuck you and blackmail you to go to the concert</title>
    <metadata>Joey White,Sami White,Sam Shock,Bedroom,BGG,Big Dick,Blow Job,Blue Eyes,Brunette,Bubble Butt,Caucasian,Couch,Cum on Stomach,Deepthroating,GG,Hand Job,High Heels,Living room,Natural Tits,Outie Pussy,Petite,Piercings,POV,Shaved,Small Ass,Small Natural Tits,Small Tits,Tattoos,Teens,Threesome BGG,Virtual Reality,VR Porn,2 Chicks Same Time</metadata>
    <url>scene/twins-joey-and-sami-white-fuck-you-and-blackmail-you-to-go-to-the-concert-25761</url>
    <thumbnail>https://images1.naughtycdn.com/cms/nacmscontent/v1/scenes/2cst/joeysamisam/scene/vertical/390x590c.jpg</thumbnail>
    <type>tour</type>
    <var_divide>?</var_divide>
    <item id="ident_details">
      <override_identifier_id>965</override_identifier_id>
      <loginid>0</loginid>
      <networkid>0</networkid>
      <programid>0</programid>
      <siteid>97</siteid>
      <tourid>0</tourid>
      <optionid>0</optionid>
      <adtoolid>0</adtoolid>
      <subid1>0</subid1>
      <subid2>0</subid2>
      <billerid>0</billerid>
      <countryid>000</countryid>
      <promotionalid>0</promotionalid>
      <encoded>MTE4OTM1LjEyLjAuMC4wLjAuMC4wLjA</encoded>
    </item>
    <published_date_nice>2019-12-30 00:00:00</published_date_nice>
    <tracking_url>enter.naughtyamericavr.com/track/MTE4OTM1LjEyLjk3LjI5OS4wLjEwNjg2NDguMC4wLjA</tracking_url>
    <encoded>MTE4OTM1LjEyLjk3LjI5OS4wLjEwNjg2NDguMC4wLjA</encoded>
  </entry>
  <entry id="1068636:97::1577250000">
    <adtoolid>1068636</adtoolid>
    <identid>965</identid>
    <siteid>97</siteid>
    <published_date>1577250000</published_date>
    <networkid>0</networkid>
    <deleted>0</deleted>
    <adtool_type_id>1005</adtool_type_id>
    <date_added>1577268021</date_added>
    <byo_owner>0</byo_owner>
    <byo_program>0</byo_program>
    <byo_owner_only>0</byo_owner_only>
    <item id="ids">
      <loginid>118935</loginid>
      <programid>12</programid>
      <siteid>97</siteid>
    </item>
    <entry_id>25760</entry_id>
    <title>Old College friend&amp;#039;s Tag Team a Young Stud</title>
    <metadata>Becky Bandini,Dee Williams,Rachael Cavalli,Alex Mack,Big Tits,Blonde,Blow Job,Brunette,Bubble Butt,Caucasian,Couch,Cum on Tits,Deepthroating,Fake Tits,Floor,Four or more,Foursome,Friend&amp;#039;s Mom,Girl on Girl,Hand Job,Lesbian,Lingerie,Living room,MILF,MILFs,Mommy,POV,Shaved,Tattoos,Titty Fucking,Virtual Reality,VR Porn,Naughty America</metadata>
    <url>scene/old-college-friends-tag-team-a-young-stud-25760</url>
    <thumbnail>https://images1.naughtycdn.com/cms/nacmscontent/v1/scenes/nam/beckydeerachaelalex/scene/vertical/390x590c.jpg</thumbnail>
    <type>tour</type>
    <var_divide>?</var_divide>
    <item id="ident_details">
      <override_identifier_id>965</override_identifier_id>
      <loginid>0</loginid>
      <networkid>0</networkid>
      <programid>0</programid>
      <siteid>97</siteid>
      <tourid>0</tourid>
      <optionid>0</optionid>
      <adtoolid>0</adtoolid>
      <subid1>0</subid1>
      <subid2>0</subid2>
      <billerid>0</billerid>
      <countryid>000</countryid>
      <promotionalid>0</promotionalid>
      <encoded>MTE4OTM1LjEyLjAuMC4wLjAuMC4wLjA</encoded>
    </item>
    <published_date_nice>2019-12-25 00:00:00</published_date_nice>
    <tracking_url>enter.naughtyamericavr.com/track/MTE4OTM1LjEyLjk3LjI5OS4wLjEwNjg2MzYuMC4wLjA</tracking_url>
    <encoded>MTE4OTM1LjEyLjk3LjI5OS4wLjEwNjg2MzYuMC4wLjA</encoded>
  </entry>
  <entry id="1068629:97::1577077200">
    <adtoolid>1068629</adtoolid>
    <identid>965</identid>
    <siteid>97</siteid>
    <published_date>1577077200</published_date>
    <networkid>0</networkid>
    <deleted>0</deleted>
    <adtool_type_id>1005</adtool_type_id>
    <date_added>1577091623</date_added>
    <byo_owner>0</byo_owner>
    <byo_program>0</byo_program>
    <byo_owner_only>0</byo_owner_only>
    <item id="ids">
      <loginid>118935</loginid>
      <programid>12</programid>
      <siteid>97</siteid>
    </item>
    <entry_id>25749</entry_id>
    <title>Reagan Foxx fucks you in VR</title>
    <metadata>Reagan Foxx,Jay Romero,Bed,Bedroom,Big Dick,Big Fake Tits,Big Tits,Blow Job,Blue Eyes,Brunette,Bubble Butt,Caucasian,Cougar,Cum on Stomach,Deepthroating,Fake Tits,Friend&amp;#039;s Mom,Hand Job,Masturbation,MILF,MILFs,Outie Pussy,POV,Shaved,Straight,Swallowing,Titty Fucking,Virtual Reality,VR Porn,My Friend&amp;#039;s Hot Mom</metadata>
    <url>scene/reagan-foxx-fucks-you-in-vr-25749</url>
    <thumbnail>https://images1.naughtycdn.com/cms/nacmscontent/v1/scenes/mfhm/reaganjay/scene/vertical/390x590c.jpg</thumbnail>
    <type>tour</type>
    <var_divide>?</var_divide>
    <item id="ident_details">
      <override_identifier_id>965</override_identifier_id>
      <loginid>0</loginid>
      <networkid>0</networkid>
      <programid>0</programid>
      <siteid>97</siteid>
      <tourid>0</tourid>
      <optionid>0</optionid>
      <adtoolid>0</adtoolid>
      <subid1>0</subid1>
      <subid2>0</subid2>
      <billerid>0</billerid>
      <countryid>000</countryid>
      <promotionalid>0</promotionalid>
      <encoded>MTE4OTM1LjEyLjAuMC4wLjAuMC4wLjA</encoded>
    </item>
    <published_date_nice>2019-12-23 00:00:00</published_date_nice>
    <tracking_url>enter.naughtyamericavr.com/track/MTE4OTM1LjEyLjk3LjI5OS4wLjEwNjg2MjkuMC4wLjA</tracking_url>
    <encoded>MTE4OTM1LjEyLjk3LjI5OS4wLjEwNjg2MjkuMC4wLjA</encoded>
  </entry>
  <entry id="1068621:97::1576818000">
    <adtoolid>1068621</adtoolid>
    <identid>965</identid>
    <siteid>97</siteid>
    <published_date>1576818000</published_date>
    <networkid>0</networkid>
    <deleted>0</deleted>
    <adtool_type_id>1005</adtool_type_id>
    <date_added>1576836029</date_added>
    <byo_owner>0</byo_owner>
    <byo_program>0</byo_program>
    <byo_owner_only>0</byo_owner_only>
    <item id="ids">
      <loginid>118935</loginid>
      <programid>12</programid>
      <siteid>97</siteid>
    </item>
    <entry_id>25752</entry_id>
    <title>Gia Paige, Kimber Woods, &amp;amp; Violet Smith take that ass to the gym</title>
    <metadata>Gia Paige,Kimber Woods,Jay Romero,Violet Smith,Big Tits,Black Hair,Blow Job,Brown Eyes,Brunette,Bubble Butt,Caucasian,Group Sex,Gym,Gym Equipment,Hairy Pussy,Medium Natural Tits,Medium Tits,POV,Shaved,Small Natural Tits,Small Tits,Squirting,Stranger,Tattoos,Virtual Reality,VR Porn,Naughty America</metadata>
    <url>scene/gia-paige-kimber-woods-violet-smith-take-that-ass-to-the-gym-25752</url>
    <thumbnail>https://images1.naughtycdn.com/cms/nacmscontent/v1/scenes/nam/giakimbervioletjay/scene/vertical/390x590c.jpg</thumbnail>
    <type>tour</type>
    <var_divide>?</var_divide>
    <item id="ident_details">
      <override_identifier_id>965</override_identifier_id>
      <loginid>0</loginid>
      <networkid>0</networkid>
      <programid>0</programid>
      <siteid>97</siteid>
      <tourid>0</tourid>
      <optionid>0</optionid>
      <adtoolid>0</adtoolid>
      <subid1>0</subid1>
      <subid2>0</subid2>
      <billerid>0</billerid>
      <countryid>000</countryid>
      <promotionalid>0</promotionalid>
      <encoded>MTE4OTM1LjEyLjAuMC4wLjAuMC4wLjA</encoded>
    </item>
    <published_date_nice>2019-12-20 00:00:00</published_date_nice>
    <tracking_url>enter.naughtyamericavr.com/track/MTE4OTM1LjEyLjk3LjI5OS4wLjEwNjg2MjEuMC4wLjA</tracking_url>
    <encoded>MTE4OTM1LjEyLjk3LjI5OS4wLjEwNjg2MjEuMC4wLjA</encoded>
  </entry>
  <entry id="1068606:97::1576472400">
    <adtoolid>1068606</adtoolid>
    <identid>965</identid>
    <siteid>97</siteid>
    <published_date>1576472400</published_date>
    <networkid>0</networkid>
    <deleted>0</deleted>
    <adtool_type_id>1005</adtool_type_id>
    <date_added>1576486827</date_added>
    <byo_owner>0</byo_owner>
    <byo_program>0</byo_program>
    <byo_owner_only>0</byo_owner_only>
    <item id="ids">
      <loginid>118935</loginid>
      <programid>12</programid>
      <siteid>97</siteid>
    </item>
    <entry_id>25736</entry_id>
    <title>Glorious day to fuck Jewelz Blu by the pool</title>
    <metadata>Jewelz Blu,Kyle Mason,Ball licking,Big Dick,Big Fake Tits,Big Tits,Blow Job,Blue Eyes,Brunette,Bubble Butt,Caucasian,Couch,Cum on Stomach,Deepthroating,Fake Tits,Hand Job,Innie Pussy,Living room,Medium Ass,Pool,Pool Girl,Shaved,Titty Fucking,My Sister&amp;#039;s Hot Friend</metadata>
    <url>scene/glorious-day-to-fuck-jewelz-blu-by-the-pool-25736</url>
    <thumbnail>https://images1.naughtycdn.com/cms/nacmscontent/v1/scenes/mshf/jewelzkyle/scene/vertical/390x590c.jpg</thumbnail>
    <type>tour</type>
    <var_divide>?</var_divide>
    <item id="ident_details">
      <override_identifier_id>965</override_identifier_id>
      <loginid>0</loginid>
      <networkid>0</networkid>
      <programid>0</programid>
      <siteid>97</siteid>
      <tourid>0</tourid>
      <optionid>0</optionid>
      <adtoolid>0</adtoolid>
      <subid1>0</subid1>
      <subid2>0</subid2>
      <billerid>0</billerid>
      <countryid>000</countryid>
      <promotionalid>0</promotionalid>
      <encoded>MTE4OTM1LjEyLjAuMC4wLjAuMC4wLjA</encoded>
    </item>
    <published_date_nice>2019-12-16 00:00:00</published_date_nice>
    <tracking_url>enter.naughtyamericavr.com/track/MTE4OTM1LjEyLjk3LjI5OS4wLjEwNjg2MDYuMC4wLjA</tracking_url>
    <encoded>MTE4OTM1LjEyLjk3LjI5OS4wLjEwNjg2MDYuMC4wLjA</encoded>
  </entry>
  <entry id="1068596:97::1576213200">
    <adtoolid>1068596</adtoolid>
    <identid>965</identid>
    <siteid>97</siteid>
    <published_date>1576213200</published_date>
    <networkid>0</networkid>
    <deleted>0</deleted>
    <adtool_type_id>1005</adtool_type_id>
    <date_added>1576227621</date_added>
    <byo_owner>0</byo_owner>
    <byo_program>0</byo_program>
    <byo_owner_only>0</byo_owner_only>
    <item id="ids">
      <loginid>118935</loginid>
      <programid>12</programid>
      <siteid>97</siteid>
    </item>
    <entry_id>25742</entry_id>
    <title>Emily Addison, Nina Elle, &amp;amp; Rachel Starr are all oiled up and ready for a hard cock</title>
    <metadata>Emily Addison,Nina Elle,Rachel Starr,Bambino,Ball licking,Bed,Big Ass,Big Dick,Big Fake Tits,Big Tits,Blonde,Blow Job,Brunette,Bubble Butt,Caucasian,Cum on Tits,Deepthroating,Facial,Fake Tits,Floor,Four or more,Foursome,Girl on Girl,Latina,Medium Ass,MILFs,Porn Star,POV,Shaved,studio,Titty Fucking,Virtual Reality,VR Porn,Naughty America</metadata>
    <url>scene/emily-addison-nina-elle-rachel-starr-are-all-oiled-up-and-ready-for-a-hard-cock-25742</url>
    <thumbnail>https://images1.naughtycdn.com/cms/nacmscontent/v1/scenes/nam/emilyninarachelbambino/scene/vertical/390x590c.jpg</thumbnail>
    <type>tour</type>
    <var_divide>?</var_divide>
    <item id="ident_details">
      <override_identifier_id>965</override_identifier_id>
      <loginid>0</loginid>
      <networkid>0</networkid>
      <programid>0</programid>
      <siteid>97</siteid>
      <tourid>0</tourid>
      <optionid>0</optionid>
      <adtoolid>0</adtoolid>
      <subid1>0</subid1>
      <subid2>0</subid2>
      <billerid>0</billerid>
      <countryid>000</countryid>
      <promotionalid>0</promotionalid>
      <encoded>MTE4OTM1LjEyLjAuMC4wLjAuMC4wLjA</encoded>
    </item>
    <published_date_nice>2019-12-13 00:00:00</published_date_nice>
    <tracking_url>enter.naughtyamericavr.com/track/MTE4OTM1LjEyLjk3LjI5OS4wLjEwNjg1OTYuMC4wLjA</tracking_url>
    <encoded>MTE4OTM1LjEyLjk3LjI5OS4wLjEwNjg1OTYuMC4wLjA</encoded>
  </entry>
  <entry id="1068581:97::1575867600">
    <adtoolid>1068581</adtoolid>
    <identid>965</identid>
    <siteid>97</siteid>
    <published_date>1575867600</published_date>
    <networkid>0</networkid>
    <deleted>0</deleted>
    <adtool_type_id>1005</adtool_type_id>
    <date_added>1575882028</date_added>
    <byo_owner>0</byo_owner>
    <byo_program>0</byo_program>
    <byo_owner_only>0</byo_owner_only>
    <item id="ids">
      <loginid>118935</loginid>
      <programid>12</programid>
      <siteid>97</siteid>
    </item>
    <entry_id>25733</entry_id>
    <title>LaSirena69 is ready for your hard cock!</title>
    <metadata>LaSirena69,Sam Shock,Big Tits,Brunette,Cum on Tits,Living room,Massage Table,Piercings,Porn Star,POV,Shaved,Titty Fucking,Virtual Reality,VR Porn,Naughty America</metadata>
    <url>scene/lasirena69-is-ready-for-your-hard-cock-25733</url>
    <thumbnail>https://images1.naughtycdn.com/cms/nacmscontent/v1/scenes/nam/lasiernasam/scene/vertical/390x590c.jpg</thumbnail>
    <type>tour</type>
    <var_divide>?</var_divide>
    <item id="ident_details">
      <override_identifier_id>965</override_identifier_id>
      <loginid>0</loginid>
      <networkid>0</networkid>
      <programid>0</programid>
      <siteid>97</siteid>
      <tourid>0</tourid>
      <optionid>0</optionid>
      <adtoolid>0</adtoolid>
      <subid1>0</subid1>
      <subid2>0</subid2>
      <billerid>0</billerid>
      <countryid>000</countryid>
      <promotionalid>0</promotionalid>
      <encoded>MTE4OTM1LjEyLjAuMC4wLjAuMC4wLjA</encoded>
    </item>
    <published_date_nice>2019-12-09 00:00:00</published_date_nice>
    <tracking_url>enter.naughtyamericavr.com/track/MTE4OTM1LjEyLjk3LjI5OS4wLjEwNjg1ODEuMC4wLjA</tracking_url>
    <encoded>MTE4OTM1LjEyLjk3LjI5OS4wLjEwNjg1ODEuMC4wLjA</encoded>
  </entry>
</adtools>
